SLOT_ID,CHIP_ID,CHIP_TYPE,CORE_ID,CORE_TYPE,CORE_LANE,LANE_SPEED(mbps),MEDIA_TYPE,TCVR_VENDOR,NIC_VENDOR,CABLE_LENGTH(m),TX_PRE3,TX_PRE2,TX_PRE1,TX_MAIN,TX_POST1,TX_POST2,TX_POST3,RX_CTLE_CODE,RX_DSP_MODE,RX_AFE_TRIM
1,1,NPU,0,TH6_NIF,0,200000,BACKPLANE,,,,0,0,0,168,0,0,0,,,
1,1,NPU,0,TH6_NIF,1,200000,BACKPLANE,,,,0,0,0,168,0,0,0,,,
1,1,NPU,0,TH6_NIF,2,200000,BACKPLANE,,,,0,0,0,168,0,0,0,,,
1,1,NPU,0,TH6_NIF,3,200000,BACKPLANE,,,,0,0,0,168,0,0,0,,,
1,1,NPU,0,TH6_NIF,4,200000,BACKPLANE,,,,0,0,0,168,0,0,0,,,
1,1,NPU,0,TH6_NIF,5,200000,BACKPLANE,,,,0,0,0,168,0,0,0,,,
1,1,NPU,0,TH6_NIF,6,200000,BACKPLANE,,,,0,0,0,168,0,0,0,,,
1,1,NPU,0,TH6_NIF,7,200000,BACKPLANE,,,,0,0,0,168,0,0,0,,,
1,1,NPU,1,TH6_NIF,0,200000,BACKPLANE,,,,0,0,0,168,0,0,0,,,
1,1,NPU,1,TH6_NIF,1,200000,BACKPLANE,,,,0,0,0,168,0,0,0,,,
1,1,NPU,1,TH6_NIF,2,200000,BACKPLANE,,,,0,0,0,168,0,0,0,,,
1,1,NPU,1,TH6_NIF,3,200000,BACKPLANE,,,,0,0,0,168,0,0,0,,,
1,1,NPU,1,TH6_NIF,4,200000,BACKPLANE,,,,0,0,0,168,0,0,0,,,
1,1,NPU,1,TH6_NIF,5,200000,BACKPLANE,,,,0,0,0,168,0,0,0,,,
1,1,NPU,1,TH6_NIF,6,200000,BACKPLANE,,,,0,0,0,168,0,0,0,,,
1,1,NPU,1,TH6_NIF,7,200000,BACKPLANE,,,,0,0,0,168,0,0,0,,,
1,1,NPU,2,TH6_NIF,0,200000,BACKPLANE,,,,0,0,0,168,0,0,0,,,
1,1,NPU,2,TH6_NIF,1,200000,BACKPLANE,,,,0,0,0,168,0,0,0,,,
1,1,NPU,2,TH6_NIF,2,200000,BACKPLANE,,,,0,0,0,168,0,0,0,,,
1,1,NPU,2,TH6_NIF,3,200000,BACKPLANE,,,,0,0,0,168,0,0,0,,,
1,1,NPU,2,TH6_NIF,4,200000,BACKPLANE,,,,0,0,0,168,0,0,0,,,
1,1,NPU,2,TH6_NIF,5,200000,BACKPLANE,,,,0,0,0,168,0,0,0,,,
1,1,NPU,2,TH6_NIF,6,200000,BACKPLANE,,,,0,0,0,168,0,0,0,,,
1,1,NPU,2,TH6_NIF,7,200000,BACKPLANE,,,,0,0,0,168,0,0,0,,,
1,1,NPU,3,TH6_NIF,0,200000,BACKPLANE,,,,0,0,0,168,0,0,0,,,
1,1,NPU,3,TH6_NIF,1,200000,BACKPLANE,,,,0,0,0,168,0,0,0,,,
1,1,NPU,3,TH6_NIF,2,200000,BACKPLANE,,,,0,0,0,168,0,0,0,,,
1,1,NPU,3,TH6_NIF,3,200000,BACKPLANE,,,,0,0,0,168,0,0,0,,,
1,1,NPU,3,TH6_NIF,4,200000,BACKPLANE,,,,0,0,0,168,0,0,0,,,
1,1,NPU,3,TH6_NIF,5,200000,BACKPLANE,,,,0,0,0,168,0,0,0,,,
1,1,NPU,3,TH6_NIF,6,200000,BACKPLANE,,,,0,0,0,168,0,0,0,,,
1,1,NPU,3,TH6_NIF,7,200000,BACKPLANE,,,,0,0,0,168,0,0,0,,,
1,1,NPU,4,TH6_NIF,0,200000,BACKPLANE,,,,0,0,0,168,0,0,0,,,
1,1,NPU,4,TH6_NIF,1,200000,BACKPLANE,,,,0,0,0,168,0,0,0,,,
1,1,NPU,4,TH6_NIF,2,200000,BACKPLANE,,,,0,0,0,168,0,0,0,,,
1,1,NPU,4,TH6_NIF,3,200000,BACKPLANE,,,,0,0,0,168,0,0,0,,,
1,1,NPU,4,TH6_NIF,4,200000,BACKPLANE,,,,0,0,0,168,0,0,0,,,
1,1,NPU,4,TH6_NIF,5,200000,BACKPLANE,,,,0,0,0,168,0,0,0,,,
1,1,NPU,4,TH6_NIF,6,200000,BACKPLANE,,,,0,0,0,168,0,0,0,,,
1,1,NPU,4,TH6_NIF,7,200000,BACKPLANE,,,,0,0,0,168,0,0,0,,,
1,1,NPU,5,TH6_NIF,0,200000,BACKPLANE,,,,0,0,0,168,0,0,0,,,
1,1,NPU,5,TH6_NIF,1,200000,BACKPLANE,,,,0,0,0,168,0,0,0,,,
1,1,NPU,5,TH6_NIF,2,200000,BACKPLANE,,,,0,0,0,168,0,0,0,,,
1,1,NPU,5,TH6_NIF,3,200000,BACKPLANE,,,,0,0,0,168,0,0,0,,,
1,1,NPU,5,TH6_NIF,4,200000,BACKPLANE,,,,0,0,0,168,0,0,0,,,
1,1,NPU,5,TH6_NIF,5,200000,BACKPLANE,,,,0,0,0,168,0,0,0,,,
1,1,NPU,5,TH6_NIF,6,200000,BACKPLANE,,,,0,0,0,168,0,0,0,,,
1,1,NPU,5,TH6_NIF,7,200000,BACKPLANE,,,,0,0,0,168,0,0,0,,,
1,1,NPU,6,TH6_NIF,0,200000,BACKPLANE,,,,0,0,0,168,0,0,0,,,
1,1,NPU,6,TH6_NIF,1,200000,BACKPLANE,,,,0,0,0,168,0,0,0,,,
1,1,NPU,6,TH6_NIF,2,200000,BACKPLANE,,,,0,0,0,168,0,0,0,,,
1,1,NPU,6,TH6_NIF,3,200000,BACKPLANE,,,,0,0,0,168,0,0,0,,,
1,1,NPU,6,TH6_NIF,4,200000,BACKPLANE,,,,0,0,0,168,0,0,0,,,
1,1,NPU,6,TH6_NIF,5,200000,BACKPLANE,,,,0,0,0,168,0,0,0,,,
1,1,NPU,6,TH6_NIF,6,200000,BACKPLANE,,,,0,0,0,168,0,0,0,,,
1,1,NPU,6,TH6_NIF,7,200000,BACKPLANE,,,,0,0,0,168,0,0,0,,,
1,1,NPU,7,TH6_NIF,0,200000,BACKPLANE,,,,0,0,0,168,0,0,0,,,
1,1,NPU,7,TH6_NIF,1,200000,BACKPLANE,,,,0,0,0,168,0,0,0,,,
1,1,NPU,7,TH6_NIF,2,200000,BACKPLANE,,,,0,0,0,168,0,0,0,,,
1,1,NPU,7,TH6_NIF,3,200000,BACKPLANE,,,,0,0,0,168,0,0,0,,,
1,1,NPU,7,TH6_NIF,4,200000,BACKPLANE,,,,0,0,0,168,0,0,0,,,
1,1,NPU,7,TH6_NIF,5,200000,BACKPLANE,,,,0,0,0,168,0,0,0,,,
1,1,NPU,7,TH6_NIF,6,200000,BACKPLANE,,,,0,0,0,168,0,0,0,,,
1,1,NPU,7,TH6_NIF,7,200000,BACKPLANE,,,,0,0,0,168,0,0,0,,,
1,1,NPU,8,TH6_NIF,0,200000,BACKPLANE,,,,0,0,0,168,0,0,0,,,
1,1,NPU,8,TH6_NIF,1,200000,BACKPLANE,,,,0,0,0,168,0,0,0,,,
1,1,NPU,8,TH6_NIF,2,200000,BACKPLANE,,,,0,0,0,168,0,0,0,,,
1,1,NPU,8,TH6_NIF,3,200000,BACKPLANE,,,,0,0,0,168,0,0,0,,,
1,1,NPU,8,TH6_NIF,4,200000,BACKPLANE,,,,0,0,0,168,0,0,0,,,
1,1,NPU,8,TH6_NIF,5,200000,BACKPLANE,,,,0,0,0,168,0,0,0,,,
1,1,NPU,8,TH6_NIF,6,200000,BACKPLANE,,,,0,0,0,168,0,0,0,,,
1,1,NPU,8,TH6_NIF,7,200000,BACKPLANE,,,,0,0,0,168,0,0,0,,,
1,1,NPU,9,TH6_NIF,0,200000,BACKPLANE,,,,0,0,0,168,0,0,0,,,
1,1,NPU,9,TH6_NIF,1,200000,BACKPLANE,,,,0,0,0,168,0,0,0,,,
1,1,NPU,9,TH6_NIF,2,200000,BACKPLANE,,,,0,0,0,168,0,0,0,,,
1,1,NPU,9,TH6_NIF,3,200000,BACKPLANE,,,,0,0,0,168,0,0,0,,,
1,1,NPU,9,TH6_NIF,4,200000,BACKPLANE,,,,0,0,0,168,0,0,0,,,
1,1,NPU,9,TH6_NIF,5,200000,BACKPLANE,,,,0,0,0,168,0,0,0,,,
1,1,NPU,9,TH6_NIF,6,200000,BACKPLANE,,,,0,0,0,168,0,0,0,,,
1,1,NPU,9,TH6_NIF,7,200000,BACKPLANE,,,,0,0,0,168,0,0,0,,,
1,1,NPU,10,TH6_NIF,0,200000,BACKPLANE,,,,0,0,0,168,0,0,0,,,
1,1,NPU,10,TH6_NIF,1,200000,BACKPLANE,,,,0,0,0,168,0,0,0,,,
1,1,NPU,10,TH6_NIF,2,200000,BACKPLANE,,,,0,0,0,168,0,0,0,,,
1,1,NPU,10,TH6_NIF,3,200000,BACKPLANE,,,,0,0,0,168,0,0,0,,,
1,1,NPU,10,TH6_NIF,4,200000,BACKPLANE,,,,0,0,0,168,0,0,0,,,
1,1,NPU,10,TH6_NIF,5,200000,BACKPLANE,,,,0,0,0,168,0,0,0,,,
1,1,NPU,10,TH6_NIF,6,200000,BACKPLANE,,,,0,0,0,168,0,0,0,,,
1,1,NPU,10,TH6_NIF,7,200000,BACKPLANE,,,,0,0,0,168,0,0,0,,,
1,1,NPU,11,TH6_NIF,0,200000,BACKPLANE,,,,0,0,0,168,0,0,0,,,
1,1,NPU,11,TH6_NIF,1,200000,BACKPLANE,,,,0,0,0,168,0,0,0,,,
1,1,NPU,11,TH6_NIF,2,200000,BACKPLANE,,,,0,0,0,168,0,0,0,,,
1,1,NPU,11,TH6_NIF,3,200000,BACKPLANE,,,,0,0,0,168,0,0,0,,,
1,1,NPU,11,TH6_NIF,4,200000,BACKPLANE,,,,0,0,0,168,0,0,0,,,
1,1,NPU,11,TH6_NIF,5,200000,BACKPLANE,,,,0,0,0,168,0,0,0,,,
1,1,NPU,11,TH6_NIF,6,200000,BACKPLANE,,,,0,0,0,168,0,0,0,,,
1,1,NPU,11,TH6_NIF,7,200000,BACKPLANE,,,,0,0,0,168,0,0,0,,,
1,1,NPU,12,TH6_NIF,0,200000,BACKPLANE,,,,0,0,0,168,0,0,0,,,
1,1,NPU,12,TH6_NIF,1,200000,BACKPLANE,,,,0,0,0,168,0,0,0,,,
1,1,NPU,12,TH6_NIF,2,200000,BACKPLANE,,,,0,0,0,168,0,0,0,,,
1,1,NPU,12,TH6_NIF,3,200000,BACKPLANE,,,,0,0,0,168,0,0,0,,,
1,1,NPU,12,TH6_NIF,4,200000,BACKPLANE,,,,0,0,0,168,0,0,0,,,
1,1,NPU,12,TH6_NIF,5,200000,BACKPLANE,,,,0,0,0,168,0,0,0,,,
1,1,NPU,12,TH6_NIF,6,200000,BACKPLANE,,,,0,0,0,168,0,0,0,,,
1,1,NPU,12,TH6_NIF,7,200000,BACKPLANE,,,,0,0,0,168,0,0,0,,,
1,1,NPU,13,TH6_NIF,0,200000,BACKPLANE,,,,0,0,0,168,0,0,0,,,
1,1,NPU,13,TH6_NIF,1,200000,BACKPLANE,,,,0,0,0,168,0,0,0,,,
1,1,NPU,13,TH6_NIF,2,200000,BACKPLANE,,,,0,0,0,168,0,0,0,,,
1,1,NPU,13,TH6_NIF,3,200000,BACKPLANE,,,,0,0,0,168,0,0,0,,,
1,1,NPU,13,TH6_NIF,4,200000,BACKPLANE,,,,0,0,0,168,0,0,0,,,
1,1,NPU,13,TH6_NIF,5,200000,BACKPLANE,,,,0,0,0,168,0,0,0,,,
1,1,NPU,13,TH6_NIF,6,200000,BACKPLANE,,,,0,0,0,168,0,0,0,,,
1,1,NPU,13,TH6_NIF,7,200000,BACKPLANE,,,,0,0,0,168,0,0,0,,,
1,1,NPU,14,TH6_NIF,0,200000,BACKPLANE,,,,0,0,0,168,0,0,0,,,
1,1,NPU,14,TH6_NIF,1,200000,BACKPLANE,,,,0,0,0,168,0,0,0,,,
1,1,NPU,14,TH6_NIF,2,200000,BACKPLANE,,,,0,0,0,168,0,0,0,,,
1,1,NPU,14,TH6_NIF,3,200000,BACKPLANE,,,,0,0,0,168,0,0,0,,,
1,1,NPU,14,TH6_NIF,4,200000,BACKPLANE,,,,0,0,0,168,0,0,0,,,
1,1,NPU,14,TH6_NIF,5,200000,BACKPLANE,,,,0,0,0,168,0,0,0,,,
1,1,NPU,14,TH6_NIF,6,200000,BACKPLANE,,,,0,0,0,168,0,0,0,,,
1,1,NPU,14,TH6_NIF,7,200000,BACKPLANE,,,,0,0,0,168,0,0,0,,,
1,1,NPU,15,TH6_NIF,0,200000,BACKPLANE,,,,0,0,0,168,0,0,0,,,
1,1,NPU,15,TH6_NIF,1,200000,BACKPLANE,,,,0,0,0,168,0,0,0,,,
1,1,NPU,15,TH6_NIF,2,200000,BACKPLANE,,,,0,0,0,168,0,0,0,,,
1,1,NPU,15,TH6_NIF,3,200000,BACKPLANE,,,,0,0,0,168,0,0,0,,,
1,1,NPU,15,TH6_NIF,4,200000,BACKPLANE,,,,0,0,0,168,0,0,0,,,
1,1,NPU,15,TH6_NIF,5,200000,BACKPLANE,,,,0,0,0,168,0,0,0,,,
1,1,NPU,15,TH6_NIF,6,200000,BACKPLANE,,,,0,0,0,168,0,0,0,,,
1,1,NPU,15,TH6_NIF,7,200000,BACKPLANE,,,,0,0,0,168,0,0,0,,,
1,1,NPU,16,TH6_NIF,0,200000,BACKPLANE,,,,0,0,0,168,0,0,0,,,
1,1,NPU,16,TH6_NIF,1,200000,BACKPLANE,,,,0,0,0,168,0,0,0,,,
1,1,NPU,16,TH6_NIF,2,200000,BACKPLANE,,,,0,0,0,168,0,0,0,,,
1,1,NPU,16,TH6_NIF,3,200000,BACKPLANE,,,,0,0,0,168,0,0,0,,,
1,1,NPU,16,TH6_NIF,4,200000,BACKPLANE,,,,0,0,0,168,0,0,0,,,
1,1,NPU,16,TH6_NIF,5,200000,BACKPLANE,,,,0,0,0,168,0,0,0,,,
1,1,NPU,16,TH6_NIF,6,200000,BACKPLANE,,,,0,0,0,168,0,0,0,,,
1,1,NPU,16,TH6_NIF,7,200000,BACKPLANE,,,,0,0,0,168,0,0,0,,,
1,1,NPU,17,TH6_NIF,0,200000,BACKPLANE,,,,0,0,0,168,0,0,0,,,
1,1,NPU,17,TH6_NIF,1,200000,BACKPLANE,,,,0,0,0,168,0,0,0,,,
1,1,NPU,17,TH6_NIF,2,200000,BACKPLANE,,,,0,0,0,168,0,0,0,,,
1,1,NPU,17,TH6_NIF,3,200000,BACKPLANE,,,,0,0,0,168,0,0,0,,,
1,1,NPU,17,TH6_NIF,4,200000,BACKPLANE,,,,0,0,0,168,0,0,0,,,
1,1,NPU,17,TH6_NIF,5,200000,BACKPLANE,,,,0,0,0,168,0,0,0,,,
1,1,NPU,17,TH6_NIF,6,200000,BACKPLANE,,,,0,0,0,168,0,0,0,,,
1,1,NPU,17,TH6_NIF,7,200000,BACKPLANE,,,,0,0,0,168,0,0,0,,,
1,1,NPU,18,TH6_NIF,0,200000,BACKPLANE,,,,0,0,0,168,0,0,0,,,
1,1,NPU,18,TH6_NIF,1,200000,BACKPLANE,,,,0,0,0,168,0,0,0,,,
1,1,NPU,18,TH6_NIF,2,200000,BACKPLANE,,,,0,0,0,168,0,0,0,,,
1,1,NPU,18,TH6_NIF,3,200000,BACKPLANE,,,,0,0,0,168,0,0,0,,,
1,1,NPU,18,TH6_NIF,4,200000,BACKPLANE,,,,0,0,0,168,0,0,0,,,
1,1,NPU,18,TH6_NIF,5,200000,BACKPLANE,,,,0,0,0,168,0,0,0,,,
1,1,NPU,18,TH6_NIF,6,200000,BACKPLANE,,,,0,0,0,168,0,0,0,,,
1,1,NPU,18,TH6_NIF,7,200000,BACKPLANE,,,,0,0,0,168,0,0,0,,,
1,1,NPU,19,TH6_NIF,0,200000,BACKPLANE,,,,0,0,0,168,0,0,0,,,
1,1,NPU,19,TH6_NIF,1,200000,BACKPLANE,,,,0,0,0,168,0,0,0,,,
1,1,NPU,19,TH6_NIF,2,200000,BACKPLANE,,,,0,0,0,168,0,0,0,,,
1,1,NPU,19,TH6_NIF,3,200000,BACKPLANE,,,,0,0,0,168,0,0,0,,,
1,1,NPU,19,TH6_NIF,4,200000,BACKPLANE,,,,0,0,0,168,0,0,0,,,
1,1,NPU,19,TH6_NIF,5,200000,BACKPLANE,,,,0,0,0,168,0,0,0,,,
1,1,NPU,19,TH6_NIF,6,200000,BACKPLANE,,,,0,0,0,168,0,0,0,,,
1,1,NPU,19,TH6_NIF,7,200000,BACKPLANE,,,,0,0,0,168,0,0,0,,,
1,1,NPU,20,TH6_NIF,0,200000,BACKPLANE,,,,0,0,0,168,0,0,0,,,
1,1,NPU,20,TH6_NIF,1,200000,BACKPLANE,,,,0,0,0,168,0,0,0,,,
1,1,NPU,20,TH6_NIF,2,200000,BACKPLANE,,,,0,0,0,168,0,0,0,,,
1,1,NPU,20,TH6_NIF,3,200000,BACKPLANE,,,,0,0,0,168,0,0,0,,,
1,1,NPU,20,TH6_NIF,4,200000,BACKPLANE,,,,0,0,0,168,0,0,0,,,
1,1,NPU,20,TH6_NIF,5,200000,BACKPLANE,,,,0,0,0,168,0,0,0,,,
1,1,NPU,20,TH6_NIF,6,200000,BACKPLANE,,,,0,0,0,168,0,0,0,,,
1,1,NPU,20,TH6_NIF,7,200000,BACKPLANE,,,,0,0,0,168,0,0,0,,,
1,1,NPU,21,TH6_NIF,0,200000,BACKPLANE,,,,0,0,0,168,0,0,0,,,
1,1,NPU,21,TH6_NIF,1,200000,BACKPLANE,,,,0,0,0,168,0,0,0,,,
1,1,NPU,21,TH6_NIF,2,200000,BACKPLANE,,,,0,0,0,168,0,0,0,,,
1,1,NPU,21,TH6_NIF,3,200000,BACKPLANE,,,,0,0,0,168,0,0,0,,,
1,1,NPU,21,TH6_NIF,4,200000,BACKPLANE,,,,0,0,0,168,0,0,0,,,
1,1,NPU,21,TH6_NIF,5,200000,BACKPLANE,,,,0,0,0,168,0,0,0,,,
1,1,NPU,21,TH6_NIF,6,200000,BACKPLANE,,,,0,0,0,168,0,0,0,,,
1,1,NPU,21,TH6_NIF,7,200000,BACKPLANE,,,,0,0,0,168,0,0,0,,,
1,1,NPU,22,TH6_NIF,0,200000,BACKPLANE,,,,0,0,0,168,0,0,0,,,
1,1,NPU,22,TH6_NIF,1,200000,BACKPLANE,,,,0,0,0,168,0,0,0,,,
1,1,NPU,22,TH6_NIF,2,200000,BACKPLANE,,,,0,0,0,168,0,0,0,,,
1,1,NPU,22,TH6_NIF,3,200000,BACKPLANE,,,,0,0,0,168,0,0,0,,,
1,1,NPU,22,TH6_NIF,4,200000,BACKPLANE,,,,0,0,0,168,0,0,0,,,
1,1,NPU,22,TH6_NIF,5,200000,BACKPLANE,,,,0,0,0,168,0,0,0,,,
1,1,NPU,22,TH6_NIF,6,200000,BACKPLANE,,,,0,0,0,168,0,0,0,,,
1,1,NPU,22,TH6_NIF,7,200000,BACKPLANE,,,,0,0,0,168,0,0,0,,,
1,1,NPU,23,TH6_NIF,0,200000,BACKPLANE,,,,0,0,0,168,0,0,0,,,
1,1,NPU,23,TH6_NIF,1,200000,BACKPLANE,,,,0,0,0,168,0,0,0,,,
1,1,NPU,23,TH6_NIF,2,200000,BACKPLANE,,,,0,0,0,168,0,0,0,,,
1,1,NPU,23,TH6_NIF,3,200000,BACKPLANE,,,,0,0,0,168,0,0,0,,,
1,1,NPU,23,TH6_NIF,4,200000,BACKPLANE,,,,0,0,0,168,0,0,0,,,
1,1,NPU,23,TH6_NIF,5,200000,BACKPLANE,,,,0,0,0,168,0,0,0,,,
1,1,NPU,23,TH6_NIF,6,200000,BACKPLANE,,,,0,0,0,168,0,0,0,,,
1,1,NPU,23,TH6_NIF,7,200000,BACKPLANE,,,,0,0,0,168,0,0,0,,,
1,1,NPU,24,TH6_NIF,0,200000,BACKPLANE,,,,0,0,0,168,0,0,0,,,
1,1,NPU,24,TH6_NIF,1,200000,BACKPLANE,,,,0,0,0,168,0,0,0,,,
1,1,NPU,24,TH6_NIF,2,200000,BACKPLANE,,,,0,0,0,168,0,0,0,,,
1,1,NPU,24,TH6_NIF,3,200000,BACKPLANE,,,,0,0,0,168,0,0,0,,,
1,1,NPU,24,TH6_NIF,4,200000,BACKPLANE,,,,0,0,0,168,0,0,0,,,
1,1,NPU,24,TH6_NIF,5,200000,BACKPLANE,,,,0,0,0,168,0,0,0,,,
1,1,NPU,24,TH6_NIF,6,200000,BACKPLANE,,,,0,0,0,168,0,0,0,,,
1,1,NPU,24,TH6_NIF,7,200000,BACKPLANE,,,,0,0,0,168,0,0,0,,,
1,1,NPU,25,TH6_NIF,0,200000,BACKPLANE,,,,0,0,0,168,0,0,0,,,
1,1,NPU,25,TH6_NIF,1,200000,BACKPLANE,,,,0,0,0,168,0,0,0,,,
1,1,NPU,25,TH6_NIF,2,200000,BACKPLANE,,,,0,0,0,168,0,0,0,,,
1,1,NPU,25,TH6_NIF,3,200000,BACKPLANE,,,,0,0,0,168,0,0,0,,,
1,1,NPU,25,TH6_NIF,4,200000,BACKPLANE,,,,0,0,0,168,0,0,0,,,
1,1,NPU,25,TH6_NIF,5,200000,BACKPLANE,,,,0,0,0,168,0,0,0,,,
1,1,NPU,25,TH6_NIF,6,200000,BACKPLANE,,,,0,0,0,168,0,0,0,,,
1,1,NPU,25,TH6_NIF,7,200000,BACKPLANE,,,,0,0,0,168,0,0,0,,,
1,1,NPU,26,TH6_NIF,0,200000,BACKPLANE,,,,0,0,0,168,0,0,0,,,
1,1,NPU,26,TH6_NIF,1,200000,BACKPLANE,,,,0,0,0,168,0,0,0,,,
1,1,NPU,26,TH6_NIF,2,200000,BACKPLANE,,,,0,0,0,168,0,0,0,,,
1,1,NPU,26,TH6_NIF,3,200000,BACKPLANE,,,,0,0,0,168,0,0,0,,,
1,1,NPU,26,TH6_NIF,4,200000,BACKPLANE,,,,0,0,0,168,0,0,0,,,
1,1,NPU,26,TH6_NIF,5,200000,BACKPLANE,,,,0,0,0,168,0,0,0,,,
1,1,NPU,26,TH6_NIF,6,200000,BACKPLANE,,,,0,0,0,168,0,0,0,,,
1,1,NPU,26,TH6_NIF,7,200000,BACKPLANE,,,,0,0,0,168,0,0,0,,,
1,1,NPU,27,TH6_NIF,0,200000,BACKPLANE,,,,0,0,0,168,0,0,0,,,
1,1,NPU,27,TH6_NIF,1,200000,BACKPLANE,,,,0,0,0,168,0,0,0,,,
1,1,NPU,27,TH6_NIF,2,200000,BACKPLANE,,,,0,0,0,168,0,0,0,,,
1,1,NPU,27,TH6_NIF,3,200000,BACKPLANE,,,,0,0,0,168,0,0,0,,,
1,1,NPU,27,TH6_NIF,4,200000,BACKPLANE,,,,0,0,0,168,0,0,0,,,
1,1,NPU,27,TH6_NIF,5,200000,BACKPLANE,,,,0,0,0,168,0,0,0,,,
1,1,NPU,27,TH6_NIF,6,200000,BACKPLANE,,,,0,0,0,168,0,0,0,,,
1,1,NPU,27,TH6_NIF,7,200000,BACKPLANE,,,,0,0,0,168,0,0,0,,,
1,1,NPU,28,TH6_NIF,0,200000,BACKPLANE,,,,0,0,0,168,0,0,0,,,
1,1,NPU,28,TH6_NIF,1,200000,BACKPLANE,,,,0,0,0,168,0,0,0,,,
1,1,NPU,28,TH6_NIF,2,200000,BACKPLANE,,,,0,0,0,168,0,0,0,,,
1,1,NPU,28,TH6_NIF,3,200000,BACKPLANE,,,,0,0,0,168,0,0,0,,,
1,1,NPU,28,TH6_NIF,4,200000,BACKPLANE,,,,0,0,0,168,0,0,0,,,
1,1,NPU,28,TH6_NIF,5,200000,BACKPLANE,,,,0,0,0,168,0,0,0,,,
1,1,NPU,28,TH6_NIF,6,200000,BACKPLANE,,,,0,0,0,168,0,0,0,,,
1,1,NPU,28,TH6_NIF,7,200000,BACKPLANE,,,,0,0,0,168,0,0,0,,,
1,1,NPU,29,TH6_NIF,0,200000,BACKPLANE,,,,0,0,0,168,0,0,0,,,
1,1,NPU,29,TH6_NIF,1,200000,BACKPLANE,,,,0,0,0,168,0,0,0,,,
1,1,NPU,29,TH6_NIF,2,200000,BACKPLANE,,,,0,0,0,168,0,0,0,,,
1,1,NPU,29,TH6_NIF,3,200000,BACKPLANE,,,,0,0,0,168,0,0,0,,,
1,1,NPU,29,TH6_NIF,4,200000,BACKPLANE,,,,0,0,0,168,0,0,0,,,
1,1,NPU,29,TH6_NIF,5,200000,BACKPLANE,,,,0,0,0,168,0,0,0,,,
1,1,NPU,29,TH6_NIF,6,200000,BACKPLANE,,,,0,0,0,168,0,0,0,,,
1,1,NPU,29,TH6_NIF,7,200000,BACKPLANE,,,,0,0,0,168,0,0,0,,,
1,1,NPU,30,TH6_NIF,0,200000,BACKPLANE,,,,0,0,0,168,0,0,0,,,
1,1,NPU,30,TH6_NIF,1,200000,BACKPLANE,,,,0,0,0,168,0,0,0,,,
1,1,NPU,30,TH6_NIF,2,200000,BACKPLANE,,,,0,0,0,168,0,0,0,,,
1,1,NPU,30,TH6_NIF,3,200000,BACKPLANE,,,,0,0,0,168,0,0,0,,,
1,1,NPU,30,TH6_NIF,4,200000,BACKPLANE,,,,0,0,0,168,0,0,0,,,
1,1,NPU,30,TH6_NIF,5,200000,BACKPLANE,,,,0,0,0,168,0,0,0,,,
1,1,NPU,30,TH6_NIF,6,200000,BACKPLANE,,,,0,0,0,168,0,0,0,,,
1,1,NPU,30,TH6_NIF,7,200000,BACKPLANE,,,,0,0,0,168,0,0,0,,,
1,1,NPU,31,TH6_NIF,0,200000,BACKPLANE,,,,0,0,0,168,0,0,0,,,
1,1,NPU,31,TH6_NIF,1,200000,BACKPLANE,,,,0,0,0,168,0,0,0,,,
1,1,NPU,31,TH6_NIF,2,200000,BACKPLANE,,,,0,0,0,168,0,0,0,,,
1,1,NPU,31,TH6_NIF,3,200000,BACKPLANE,,,,0,0,0,168,0,0,0,,,
1,1,NPU,31,TH6_NIF,4,200000,BACKPLANE,,,,0,0,0,168,0,0,0,,,
1,1,NPU,31,TH6_NIF,5,200000,BACKPLANE,,,,0,0,0,168,0,0,0,,,
1,1,NPU,31,TH6_NIF,6,200000,BACKPLANE,,,,0,0,0,168,0,0,0,,,
1,1,NPU,31,TH6_NIF,7,200000,BACKPLANE,,,,0,0,0,168,0,0,0,,,
1,1,NPU,32,TH6_NIF,0,200000,BACKPLANE,,,,0,0,0,168,0,0,0,,,
1,1,NPU,32,TH6_NIF,1,200000,BACKPLANE,,,,0,0,0,168,0,0,0,,,
1,1,NPU,32,TH6_NIF,2,200000,BACKPLANE,,,,0,0,0,168,0,0,0,,,
1,1,NPU,32,TH6_NIF,3,200000,BACKPLANE,,,,0,0,0,168,0,0,0,,,
1,1,NPU,32,TH6_NIF,4,200000,BACKPLANE,,,,0,0,0,168,0,0,0,,,
1,1,NPU,32,TH6_NIF,5,200000,BACKPLANE,,,,0,0,0,168,0,0,0,,,
1,1,NPU,32,TH6_NIF,6,200000,BACKPLANE,,,,0,0,0,168,0,0,0,,,
1,1,NPU,32,TH6_NIF,7,200000,BACKPLANE,,,,0,0,0,168,0,0,0,,,
1,1,NPU,33,TH6_NIF,0,200000,BACKPLANE,,,,0,0,0,168,0,0,0,,,
1,1,NPU,33,TH6_NIF,1,200000,BACKPLANE,,,,0,0,0,168,0,0,0,,,
1,1,NPU,33,TH6_NIF,2,200000,BACKPLANE,,,,0,0,0,168,0,0,0,,,
1,1,NPU,33,TH6_NIF,3,200000,BACKPLANE,,,,0,0,0,168,0,0,0,,,
1,1,NPU,33,TH6_NIF,4,200000,BACKPLANE,,,,0,0,0,168,0,0,0,,,
1,1,NPU,33,TH6_NIF,5,200000,BACKPLANE,,,,0,0,0,168,0,0,0,,,
1,1,NPU,33,TH6_NIF,6,200000,BACKPLANE,,,,0,0,0,168,0,0,0,,,
1,1,NPU,33,TH6_NIF,7,200000,BACKPLANE,,,,0,0,0,168,0,0,0,,,
1,1,NPU,34,TH6_NIF,0,200000,BACKPLANE,,,,0,0,0,168,0,0,0,,,
1,1,NPU,34,TH6_NIF,1,200000,BACKPLANE,,,,0,0,0,168,0,0,0,,,
1,1,NPU,34,TH6_NIF,2,200000,BACKPLANE,,,,0,0,0,168,0,0,0,,,
1,1,NPU,34,TH6_NIF,3,200000,BACKPLANE,,,,0,0,0,168,0,0,0,,,
1,1,NPU,34,TH6_NIF,4,200000,BACKPLANE,,,,0,0,0,168,0,0,0,,,
1,1,NPU,34,TH6_NIF,5,200000,BACKPLANE,,,,0,0,0,168,0,0,0,,,
1,1,NPU,34,TH6_NIF,6,200000,BACKPLANE,,,,0,0,0,168,0,0,0,,,
1,1,NPU,34,TH6_NIF,7,200000,BACKPLANE,,,,0,0,0,168,0,0,0,,,
1,1,NPU,35,TH6_NIF,0,200000,BACKPLANE,,,,0,0,0,168,0,0,0,,,
1,1,NPU,35,TH6_NIF,1,200000,BACKPLANE,,,,0,0,0,168,0,0,0,,,
1,1,NPU,35,TH6_NIF,2,200000,BACKPLANE,,,,0,0,0,168,0,0,0,,,
1,1,NPU,35,TH6_NIF,3,200000,BACKPLANE,,,,0,0,0,168,0,0,0,,,
1,1,NPU,35,TH6_NIF,4,200000,BACKPLANE,,,,0,0,0,168,0,0,0,,,
1,1,NPU,35,TH6_NIF,5,200000,BACKPLANE,,,,0,0,0,168,0,0,0,,,
1,1,NPU,35,TH6_NIF,6,200000,BACKPLANE,,,,0,0,0,168,0,0,0,,,
1,1,NPU,35,TH6_NIF,7,200000,BACKPLANE,,,,0,0,0,168,0,0,0,,,
1,1,NPU,36,TH6_NIF,0,200000,BACKPLANE,,,,0,0,0,168,0,0,0,,,
1,1,NPU,36,TH6_NIF,1,200000,BACKPLANE,,,,0,0,0,168,0,0,0,,,
1,1,NPU,36,TH6_NIF,2,200000,BACKPLANE,,,,0,0,0,168,0,0,0,,,
1,1,NPU,36,TH6_NIF,3,200000,BACKPLANE,,,,0,0,0,168,0,0,0,,,
1,1,NPU,36,TH6_NIF,4,200000,BACKPLANE,,,,0,0,0,168,0,0,0,,,
1,1,NPU,36,TH6_NIF,5,200000,BACKPLANE,,,,0,0,0,168,0,0,0,,,
1,1,NPU,36,TH6_NIF,6,200000,BACKPLANE,,,,0,0,0,168,0,0,0,,,
1,1,NPU,36,TH6_NIF,7,200000,BACKPLANE,,,,0,0,0,168,0,0,0,,,
1,1,NPU,37,TH6_NIF,0,200000,BACKPLANE,,,,0,0,0,168,0,0,0,,,
1,1,NPU,37,TH6_NIF,1,200000,BACKPLANE,,,,0,0,0,168,0,0,0,,,
1,1,NPU,37,TH6_NIF,2,200000,BACKPLANE,,,,0,0,0,168,0,0,0,,,
1,1,NPU,37,TH6_NIF,3,200000,BACKPLANE,,,,0,0,0,168,0,0,0,,,
1,1,NPU,37,TH6_NIF,4,200000,BACKPLANE,,,,0,0,0,168,0,0,0,,,
1,1,NPU,37,TH6_NIF,5,200000,BACKPLANE,,,,0,0,0,168,0,0,0,,,
1,1,NPU,37,TH6_NIF,6,200000,BACKPLANE,,,,0,0,0,168,0,0,0,,,
1,1,NPU,37,TH6_NIF,7,200000,BACKPLANE,,,,0,0,0,168,0,0,0,,,
1,1,NPU,38,TH6_NIF,0,200000,BACKPLANE,,,,0,0,0,168,0,0,0,,,
1,1,NPU,38,TH6_NIF,1,200000,BACKPLANE,,,,0,0,0,168,0,0,0,,,
1,1,NPU,38,TH6_NIF,2,200000,BACKPLANE,,,,0,0,0,168,0,0,0,,,
1,1,NPU,38,TH6_NIF,3,200000,BACKPLANE,,,,0,0,0,168,0,0,0,,,
1,1,NPU,38,TH6_NIF,4,200000,BACKPLANE,,,,0,0,0,168,0,0,0,,,
1,1,NPU,38,TH6_NIF,5,200000,BACKPLANE,,,,0,0,0,168,0,0,0,,,
1,1,NPU,38,TH6_NIF,6,200000,BACKPLANE,,,,0,0,0,168,0,0,0,,,
1,1,NPU,38,TH6_NIF,7,200000,BACKPLANE,,,,0,0,0,168,0,0,0,,,
1,1,NPU,39,TH6_NIF,0,200000,BACKPLANE,,,,0,0,0,168,0,0,0,,,
1,1,NPU,39,TH6_NIF,1,200000,BACKPLANE,,,,0,0,0,168,0,0,0,,,
1,1,NPU,39,TH6_NIF,2,200000,BACKPLANE,,,,0,0,0,168,0,0,0,,,
1,1,NPU,39,TH6_NIF,3,200000,BACKPLANE,,,,0,0,0,168,0,0,0,,,
1,1,NPU,39,TH6_NIF,4,200000,BACKPLANE,,,,0,0,0,168,0,0,0,,,
1,1,NPU,39,TH6_NIF,5,200000,BACKPLANE,,,,0,0,0,168,0,0,0,,,
1,1,NPU,39,TH6_NIF,6,200000,BACKPLANE,,,,0,0,0,168,0,0,0,,,
1,1,NPU,39,TH6_NIF,7,200000,BACKPLANE,,,,0,0,0,168,0,0,0,,,
1,1,NPU,40,TH6_NIF,0,200000,BACKPLANE,,,,0,0,0,168,0,0,0,,,
1,1,NPU,40,TH6_NIF,1,200000,BACKPLANE,,,,0,0,0,168,0,0,0,,,
1,1,NPU,40,TH6_NIF,2,200000,BACKPLANE,,,,0,0,0,168,0,0,0,,,
1,1,NPU,40,TH6_NIF,3,200000,BACKPLANE,,,,0,0,0,168,0,0,0,,,
1,1,NPU,40,TH6_NIF,4,200000,BACKPLANE,,,,0,0,0,168,0,0,0,,,
1,1,NPU,40,TH6_NIF,5,200000,BACKPLANE,,,,0,0,0,168,0,0,0,,,
1,1,NPU,40,TH6_NIF,6,200000,BACKPLANE,,,,0,0,0,168,0,0,0,,,
1,1,NPU,40,TH6_NIF,7,200000,BACKPLANE,,,,0,0,0,168,0,0,0,,,
1,1,NPU,41,TH6_NIF,0,200000,BACKPLANE,,,,0,0,0,168,0,0,0,,,
1,1,NPU,41,TH6_NIF,1,200000,BACKPLANE,,,,0,0,0,168,0,0,0,,,
1,1,NPU,41,TH6_NIF,2,200000,BACKPLANE,,,,0,0,0,168,0,0,0,,,
1,1,NPU,41,TH6_NIF,3,200000,BACKPLANE,,,,0,0,0,168,0,0,0,,,
1,1,NPU,41,TH6_NIF,4,200000,BACKPLANE,,,,0,0,0,168,0,0,0,,,
1,1,NPU,41,TH6_NIF,5,200000,BACKPLANE,,,,0,0,0,168,0,0,0,,,
1,1,NPU,41,TH6_NIF,6,200000,BACKPLANE,,,,0,0,0,168,0,0,0,,,
1,1,NPU,41,TH6_NIF,7,200000,BACKPLANE,,,,0,0,0,168,0,0,0,,,
1,1,NPU,42,TH6_NIF,0,200000,BACKPLANE,,,,0,0,0,168,0,0,0,,,
1,1,NPU,42,TH6_NIF,1,200000,BACKPLANE,,,,0,0,0,168,0,0,0,,,
1,1,NPU,42,TH6_NIF,2,200000,BACKPLANE,,,,0,0,0,168,0,0,0,,,
1,1,NPU,42,TH6_NIF,3,200000,BACKPLANE,,,,0,0,0,168,0,0,0,,,
1,1,NPU,42,TH6_NIF,4,200000,BACKPLANE,,,,0,0,0,168,0,0,0,,,
1,1,NPU,42,TH6_NIF,5,200000,BACKPLANE,,,,0,0,0,168,0,0,0,,,
1,1,NPU,42,TH6_NIF,6,200000,BACKPLANE,,,,0,0,0,168,0,0,0,,,
1,1,NPU,42,TH6_NIF,7,200000,BACKPLANE,,,,0,0,0,168,0,0,0,,,
1,1,NPU,43,TH6_NIF,0,200000,BACKPLANE,,,,0,0,0,168,0,0,0,,,
1,1,NPU,43,TH6_NIF,1,200000,BACKPLANE,,,,0,0,0,168,0,0,0,,,
1,1,NPU,43,TH6_NIF,2,200000,BACKPLANE,,,,0,0,0,168,0,0,0,,,
1,1,NPU,43,TH6_NIF,3,200000,BACKPLANE,,,,0,0,0,168,0,0,0,,,
1,1,NPU,43,TH6_NIF,4,200000,BACKPLANE,,,,0,0,0,168,0,0,0,,,
1,1,NPU,43,TH6_NIF,5,200000,BACKPLANE,,,,0,0,0,168,0,0,0,,,
1,1,NPU,43,TH6_NIF,6,200000,BACKPLANE,,,,0,0,0,168,0,0,0,,,
1,1,NPU,43,TH6_NIF,7,200000,BACKPLANE,,,,0,0,0,168,0,0,0,,,
1,1,NPU,44,TH6_NIF,0,200000,BACKPLANE,,,,0,0,0,168,0,0,0,,,
1,1,NPU,44,TH6_NIF,1,200000,BACKPLANE,,,,0,0,0,168,0,0,0,,,
1,1,NPU,44,TH6_NIF,2,200000,BACKPLANE,,,,0,0,0,168,0,0,0,,,
1,1,NPU,44,TH6_NIF,3,200000,BACKPLANE,,,,0,0,0,168,0,0,0,,,
1,1,NPU,44,TH6_NIF,4,200000,BACKPLANE,,,,0,0,0,168,0,0,0,,,
1,1,NPU,44,TH6_NIF,5,200000,BACKPLANE,,,,0,0,0,168,0,0,0,,,
1,1,NPU,44,TH6_NIF,6,200000,BACKPLANE,,,,0,0,0,168,0,0,0,,,
1,1,NPU,44,TH6_NIF,7,200000,BACKPLANE,,,,0,0,0,168,0,0,0,,,
1,1,NPU,45,TH6_NIF,0,200000,BACKPLANE,,,,0,0,0,168,0,0,0,,,
1,1,NPU,45,TH6_NIF,1,200000,BACKPLANE,,,,0,0,0,168,0,0,0,,,
1,1,NPU,45,TH6_NIF,2,200000,BACKPLANE,,,,0,0,0,168,0,0,0,,,
1,1,NPU,45,TH6_NIF,3,200000,BACKPLANE,,,,0,0,0,168,0,0,0,,,
1,1,NPU,45,TH6_NIF,4,200000,BACKPLANE,,,,0,0,0,168,0,0,0,,,
1,1,NPU,45,TH6_NIF,5,200000,BACKPLANE,,,,0,0,0,168,0,0,0,,,
1,1,NPU,45,TH6_NIF,6,200000,BACKPLANE,,,,0,0,0,168,0,0,0,,,
1,1,NPU,45,TH6_NIF,7,200000,BACKPLANE,,,,0,0,0,168,0,0,0,,,
1,1,NPU,46,TH6_NIF,0,200000,BACKPLANE,,,,0,0,0,168,0,0,0,,,
1,1,NPU,46,TH6_NIF,1,200000,BACKPLANE,,,,0,0,0,168,0,0,0,,,
1,1,NPU,46,TH6_NIF,2,200000,BACKPLANE,,,,0,0,0,168,0,0,0,,,
1,1,NPU,46,TH6_NIF,3,200000,BACKPLANE,,,,0,0,0,168,0,0,0,,,
1,1,NPU,46,TH6_NIF,4,200000,BACKPLANE,,,,0,0,0,168,0,0,0,,,
1,1,NPU,46,TH6_NIF,5,200000,BACKPLANE,,,,0,0,0,168,0,0,0,,,
1,1,NPU,46,TH6_NIF,6,200000,BACKPLANE,,,,0,0,0,168,0,0,0,,,
1,1,NPU,46,TH6_NIF,7,200000,BACKPLANE,,,,0,0,0,168,0,0,0,,,
1,1,NPU,47,TH6_NIF,0,200000,BACKPLANE,,,,0,0,0,168,0,0,0,,,
1,1,NPU,47,TH6_NIF,1,200000,BACKPLANE,,,,0,0,0,168,0,0,0,,,
1,1,NPU,47,TH6_NIF,2,200000,BACKPLANE,,,,0,0,0,168,0,0,0,,,
1,1,NPU,47,TH6_NIF,3,200000,BACKPLANE,,,,0,0,0,168,0,0,0,,,
1,1,NPU,47,TH6_NIF,4,200000,BACKPLANE,,,,0,0,0,168,0,0,0,,,
1,1,NPU,47,TH6_NIF,5,200000,BACKPLANE,,,,0,0,0,168,0,0,0,,,
1,1,NPU,47,TH6_NIF,6,200000,BACKPLANE,,,,0,0,0,168,0,0,0,,,
1,1,NPU,47,TH6_NIF,7,200000,BACKPLANE,,,,0,0,0,168,0,0,0,,,
1,1,NPU,48,TH6_NIF,0,200000,BACKPLANE,,,,0,0,0,168,0,0,0,,,
1,1,NPU,48,TH6_NIF,1,200000,BACKPLANE,,,,0,0,0,168,0,0,0,,,
1,1,NPU,48,TH6_NIF,2,200000,BACKPLANE,,,,0,0,0,168,0,0,0,,,
1,1,NPU,48,TH6_NIF,3,200000,BACKPLANE,,,,0,0,0,168,0,0,0,,,
1,1,NPU,48,TH6_NIF,4,200000,BACKPLANE,,,,0,0,0,168,0,0,0,,,
1,1,NPU,48,TH6_NIF,5,200000,BACKPLANE,,,,0,0,0,168,0,0,0,,,
1,1,NPU,48,TH6_NIF,6,200000,BACKPLANE,,,,0,0,0,168,0,0,0,,,
1,1,NPU,48,TH6_NIF,7,200000,BACKPLANE,,,,0,0,0,168,0,0,0,,,
1,1,NPU,49,TH6_NIF,0,200000,BACKPLANE,,,,0,0,0,168,0,0,0,,,
1,1,NPU,49,TH6_NIF,1,200000,BACKPLANE,,,,0,0,0,168,0,0,0,,,
1,1,NPU,49,TH6_NIF,2,200000,BACKPLANE,,,,0,0,0,168,0,0,0,,,
1,1,NPU,49,TH6_NIF,3,200000,BACKPLANE,,,,0,0,0,168,0,0,0,,,
1,1,NPU,49,TH6_NIF,4,200000,BACKPLANE,,,,0,0,0,168,0,0,0,,,
1,1,NPU,49,TH6_NIF,5,200000,BACKPLANE,,,,0,0,0,168,0,0,0,,,
1,1,NPU,49,TH6_NIF,6,200000,BACKPLANE,,,,0,0,0,168,0,0,0,,,
1,1,NPU,49,TH6_NIF,7,200000,BACKPLANE,,,,0,0,0,168,0,0,0,,,
1,1,NPU,50,TH6_NIF,0,200000,BACKPLANE,,,,0,0,0,168,0,0,0,,,
1,1,NPU,50,TH6_NIF,1,200000,BACKPLANE,,,,0,0,0,168,0,0,0,,,
1,1,NPU,50,TH6_NIF,2,200000,BACKPLANE,,,,0,0,0,168,0,0,0,,,
1,1,NPU,50,TH6_NIF,3,200000,BACKPLANE,,,,0,0,0,168,0,0,0,,,
1,1,NPU,50,TH6_NIF,4,200000,BACKPLANE,,,,0,0,0,168,0,0,0,,,
1,1,NPU,50,TH6_NIF,5,200000,BACKPLANE,,,,0,0,0,168,0,0,0,,,
1,1,NPU,50,TH6_NIF,6,200000,BACKPLANE,,,,0,0,0,168,0,0,0,,,
1,1,NPU,50,TH6_NIF,7,200000,BACKPLANE,,,,0,0,0,168,0,0,0,,,
1,1,NPU,51,TH6_NIF,0,200000,BACKPLANE,,,,0,0,0,168,0,0,0,,,
1,1,NPU,51,TH6_NIF,1,200000,BACKPLANE,,,,0,0,0,168,0,0,0,,,
1,1,NPU,51,TH6_NIF,2,200000,BACKPLANE,,,,0,0,0,168,0,0,0,,,
1,1,NPU,51,TH6_NIF,3,200000,BACKPLANE,,,,0,0,0,168,0,0,0,,,
1,1,NPU,51,TH6_NIF,4,200000,BACKPLANE,,,,0,0,0,168,0,0,0,,,
1,1,NPU,51,TH6_NIF,5,200000,BACKPLANE,,,,0,0,0,168,0,0,0,,,
1,1,NPU,51,TH6_NIF,6,200000,BACKPLANE,,,,0,0,0,168,0,0,0,,,
1,1,NPU,51,TH6_NIF,7,200000,BACKPLANE,,,,0,0,0,168,0,0,0,,,
1,1,NPU,52,TH6_NIF,0,200000,BACKPLANE,,,,0,0,0,168,0,0,0,,,
1,1,NPU,52,TH6_NIF,1,200000,BACKPLANE,,,,0,0,0,168,0,0,0,,,
1,1,NPU,52,TH6_NIF,2,200000,BACKPLANE,,,,0,0,0,168,0,0,0,,,
1,1,NPU,52,TH6_NIF,3,200000,BACKPLANE,,,,0,0,0,168,0,0,0,,,
1,1,NPU,52,TH6_NIF,4,200000,BACKPLANE,,,,0,0,0,168,0,0,0,,,
1,1,NPU,52,TH6_NIF,5,200000,BACKPLANE,,,,0,0,0,168,0,0,0,,,
1,1,NPU,52,TH6_NIF,6,200000,BACKPLANE,,,,0,0,0,168,0,0,0,,,
1,1,NPU,52,TH6_NIF,7,200000,BACKPLANE,,,,0,0,0,168,0,0,0,,,
1,1,NPU,53,TH6_NIF,0,200000,BACKPLANE,,,,0,0,0,168,0,0,0,,,
1,1,NPU,53,TH6_NIF,1,200000,BACKPLANE,,,,0,0,0,168,0,0,0,,,
1,1,NPU,53,TH6_NIF,2,200000,BACKPLANE,,,,0,0,0,168,0,0,0,,,
1,1,NPU,53,TH6_NIF,3,200000,BACKPLANE,,,,0,0,0,168,0,0,0,,,
1,1,NPU,53,TH6_NIF,4,200000,BACKPLANE,,,,0,0,0,168,0,0,0,,,
1,1,NPU,53,TH6_NIF,5,200000,BACKPLANE,,,,0,0,0,168,0,0,0,,,
1,1,NPU,53,TH6_NIF,6,200000,BACKPLANE,,,,0,0,0,168,0,0,0,,,
1,1,NPU,53,TH6_NIF,7,200000,BACKPLANE,,,,0,0,0,168,0,0,0,,,
1,1,NPU,54,TH6_NIF,0,200000,BACKPLANE,,,,0,0,0,168,0,0,0,,,
1,1,NPU,54,TH6_NIF,1,200000,BACKPLANE,,,,0,0,0,168,0,0,0,,,
1,1,NPU,54,TH6_NIF,2,200000,BACKPLANE,,,,0,0,0,168,0,0,0,,,
1,1,NPU,54,TH6_NIF,3,200000,BACKPLANE,,,,0,0,0,168,0,0,0,,,
1,1,NPU,54,TH6_NIF,4,200000,BACKPLANE,,,,0,0,0,168,0,0,0,,,
1,1,NPU,54,TH6_NIF,5,200000,BACKPLANE,,,,0,0,0,168,0,0,0,,,
1,1,NPU,54,TH6_NIF,6,200000,BACKPLANE,,,,0,0,0,168,0,0,0,,,
1,1,NPU,54,TH6_NIF,7,200000,BACKPLANE,,,,0,0,0,168,0,0,0,,,
1,1,NPU,55,TH6_NIF,0,200000,BACKPLANE,,,,0,0,0,168,0,0,0,,,
1,1,NPU,55,TH6_NIF,1,200000,BACKPLANE,,,,0,0,0,168,0,0,0,,,
1,1,NPU,55,TH6_NIF,2,200000,BACKPLANE,,,,0,0,0,168,0,0,0,,,
1,1,NPU,55,TH6_NIF,3,200000,BACKPLANE,,,,0,0,0,168,0,0,0,,,
1,1,NPU,55,TH6_NIF,4,200000,BACKPLANE,,,,0,0,0,168,0,0,0,,,
1,1,NPU,55,TH6_NIF,5,200000,BACKPLANE,,,,0,0,0,168,0,0,0,,,
1,1,NPU,55,TH6_NIF,6,200000,BACKPLANE,,,,0,0,0,168,0,0,0,,,
1,1,NPU,55,TH6_NIF,7,200000,BACKPLANE,,,,0,0,0,168,0,0,0,,,
1,1,NPU,56,TH6_NIF,0,200000,BACKPLANE,,,,0,0,0,168,0,0,0,,,
1,1,NPU,56,TH6_NIF,1,200000,BACKPLANE,,,,0,0,0,168,0,0,0,,,
1,1,NPU,56,TH6_NIF,2,200000,BACKPLANE,,,,0,0,0,168,0,0,0,,,
1,1,NPU,56,TH6_NIF,3,200000,BACKPLANE,,,,0,0,0,168,0,0,0,,,
1,1,NPU,56,TH6_NIF,4,200000,BACKPLANE,,,,0,0,0,168,0,0,0,,,
1,1,NPU,56,TH6_NIF,5,200000,BACKPLANE,,,,0,0,0,168,0,0,0,,,
1,1,NPU,56,TH6_NIF,6,200000,BACKPLANE,,,,0,0,0,168,0,0,0,,,
1,1,NPU,56,TH6_NIF,7,200000,BACKPLANE,,,,0,0,0,168,0,0,0,,,
1,1,NPU,57,TH6_NIF,0,200000,BACKPLANE,,,,0,0,0,168,0,0,0,,,
1,1,NPU,57,TH6_NIF,1,200000,BACKPLANE,,,,0,0,0,168,0,0,0,,,
1,1,NPU,57,TH6_NIF,2,200000,BACKPLANE,,,,0,0,0,168,0,0,0,,,
1,1,NPU,57,TH6_NIF,3,200000,BACKPLANE,,,,0,0,0,168,0,0,0,,,
1,1,NPU,57,TH6_NIF,4,200000,BACKPLANE,,,,0,0,0,168,0,0,0,,,
1,1,NPU,57,TH6_NIF,5,200000,BACKPLANE,,,,0,0,0,168,0,0,0,,,
1,1,NPU,57,TH6_NIF,6,200000,BACKPLANE,,,,0,0,0,168,0,0,0,,,
1,1,NPU,57,TH6_NIF,7,200000,BACKPLANE,,,,0,0,0,168,0,0,0,,,
1,1,NPU,58,TH6_NIF,0,200000,BACKPLANE,,,,0,0,0,168,0,0,0,,,
1,1,NPU,58,TH6_NIF,1,200000,BACKPLANE,,,,0,0,0,168,0,0,0,,,
1,1,NPU,58,TH6_NIF,2,200000,BACKPLANE,,,,0,0,0,168,0,0,0,,,
1,1,NPU,58,TH6_NIF,3,200000,BACKPLANE,,,,0,0,0,168,0,0,0,,,
1,1,NPU,58,TH6_NIF,4,200000,BACKPLANE,,,,0,0,0,168,0,0,0,,,
1,1,NPU,58,TH6_NIF,5,200000,BACKPLANE,,,,0,0,0,168,0,0,0,,,
1,1,NPU,58,TH6_NIF,6,200000,BACKPLANE,,,,0,0,0,168,0,0,0,,,
1,1,NPU,58,TH6_NIF,7,200000,BACKPLANE,,,,0,0,0,168,0,0,0,,,
1,1,NPU,59,TH6_NIF,0,200000,BACKPLANE,,,,0,0,0,168,0,0,0,,,
1,1,NPU,59,TH6_NIF,1,200000,BACKPLANE,,,,0,0,0,168,0,0,0,,,
1,1,NPU,59,TH6_NIF,2,200000,BACKPLANE,,,,0,0,0,168,0,0,0,,,
1,1,NPU,59,TH6_NIF,3,200000,BACKPLANE,,,,0,0,0,168,0,0,0,,,
1,1,NPU,59,TH6_NIF,4,200000,BACKPLANE,,,,0,0,0,168,0,0,0,,,
1,1,NPU,59,TH6_NIF,5,200000,BACKPLANE,,,,0,0,0,168,0,0,0,,,
1,1,NPU,59,TH6_NIF,6,200000,BACKPLANE,,,,0,0,0,168,0,0,0,,,
1,1,NPU,59,TH6_NIF,7,200000,BACKPLANE,,,,0,0,0,168,0,0,0,,,
1,1,NPU,60,TH6_NIF,0,200000,BACKPLANE,,,,0,0,0,168,0,0,0,,,
1,1,NPU,60,TH6_NIF,1,200000,BACKPLANE,,,,0,0,0,168,0,0,0,,,
1,1,NPU,60,TH6_NIF,2,200000,BACKPLANE,,,,0,0,0,168,0,0,0,,,
1,1,NPU,60,TH6_NIF,3,200000,BACKPLANE,,,,0,0,0,168,0,0,0,,,
1,1,NPU,60,TH6_NIF,4,200000,BACKPLANE,,,,0,0,0,168,0,0,0,,,
1,1,NPU,60,TH6_NIF,5,200000,BACKPLANE,,,,0,0,0,168,0,0,0,,,
1,1,NPU,60,TH6_NIF,6,200000,BACKPLANE,,,,0,0,0,168,0,0,0,,,
1,1,NPU,60,TH6_NIF,7,200000,BACKPLANE,,,,0,0,0,168,0,0,0,,,
1,1,NPU,61,TH6_NIF,0,200000,BACKPLANE,,,,0,0,0,168,0,0,0,,,
1,1,NPU,61,TH6_NIF,1,200000,BACKPLANE,,,,0,0,0,168,0,0,0,,,
1,1,NPU,61,TH6_NIF,2,200000,BACKPLANE,,,,0,0,0,168,0,0,0,,,
1,1,NPU,61,TH6_NIF,3,200000,BACKPLANE,,,,0,0,0,168,0,0,0,,,
1,1,NPU,61,TH6_NIF,4,200000,BACKPLANE,,,,0,0,0,168,0,0,0,,,
1,1,NPU,61,TH6_NIF,5,200000,BACKPLANE,,,,0,0,0,168,0,0,0,,,
1,1,NPU,61,TH6_NIF,6,200000,BACKPLANE,,,,0,0,0,168,0,0,0,,,
1,1,NPU,61,TH6_NIF,7,200000,BACKPLANE,,,,0,0,0,168,0,0,0,,,
1,1,NPU,62,TH6_NIF,0,200000,BACKPLANE,,,,0,0,0,168,0,0,0,,,
1,1,NPU,62,TH6_NIF,1,200000,BACKPLANE,,,,0,0,0,168,0,0,0,,,
1,1,NPU,62,TH6_NIF,2,200000,BACKPLANE,,,,0,0,0,168,0,0,0,,,
1,1,NPU,62,TH6_NIF,3,200000,BACKPLANE,,,,0,0,0,168,0,0,0,,,
1,1,NPU,62,TH6_NIF,4,200000,BACKPLANE,,,,0,0,0,168,0,0,0,,,
1,1,NPU,62,TH6_NIF,5,200000,BACKPLANE,,,,0,0,0,168,0,0,0,,,
1,1,NPU,62,TH6_NIF,6,200000,BACKPLANE,,,,0,0,0,168,0,0,0,,,
1,1,NPU,62,TH6_NIF,7,200000,BACKPLANE,,,,0,0,0,168,0,0,0,,,
1,1,NPU,63,TH6_NIF,0,200000,BACKPLANE,,,,0,0,0,168,0,0,0,,,
1,1,NPU,63,TH6_NIF,1,200000,BACKPLANE,,,,0,0,0,168,0,0,0,,,
1,1,NPU,63,TH6_NIF,2,200000,BACKPLANE,,,,0,0,0,168,0,0,0,,,
1,1,NPU,63,TH6_NIF,3,200000,BACKPLANE,,,,0,0,0,168,0,0,0,,,
1,1,NPU,63,TH6_NIF,4,200000,BACKPLANE,,,,0,0,0,168,0,0,0,,,
1,1,NPU,63,TH6_NIF,5,200000,BACKPLANE,,,,0,0,0,168,0,0,0,,,
1,1,NPU,63,TH6_NIF,6,200000,BACKPLANE,,,,0,0,0,168,0,0,0,,,
1,1,NPU,63,TH6_NIF,7,200000,BACKPLANE,,,,0,0,0,168,0,0,0,,,
1,1,NPU,64,TH6_NIF,0,25000,COPPER,,,,,,5,31,0,,,,,
1,1,NPU,64,TH6_NIF,1,25000,COPPER,,,,,,5,31,0,,,,,
1,1,NPU,64,TH6_NIF,2,25000,COPPER,,,,,,5,31,0,,,,,
1,1,NPU,64,TH6_NIF,3,25000,COPPER,,,,,,5,31,0,,,,,
1,1,NPU,64,TH6_NIF,0,25000,OPTICAL,,,,,,5,31,0,,,,,
1,1,NPU,64,TH6_NIF,1,25000,OPTICAL,,,,,,5,31,0,,,,,
1,1,NPU,64,TH6_NIF,2,25000,OPTICAL,,,,,,5,31,0,,,,,
1,1,NPU,64,TH6_NIF,3,25000,OPTICAL,,,,,,5,31,0,,,,,
1,1,XPHY,0,AGERA3_SYSTEM,0,200000,BACKPLANE,,,,0,0,0,168,0,0,0,,,
1,1,XPHY,0,AGERA3_SYSTEM,1,200000,BACKPLANE,,,,0,0,0,168,0,0,0,,,
1,1,XPHY,0,AGERA3_SYSTEM,2,200000,BACKPLANE,,,,0,0,0,168,0,0,0,,,
1,1,XPHY,0,AGERA3_SYSTEM,3,200000,BACKPLANE,,,,0,0,0,168,0,0,0,,,
1,1,XPHY,0,AGERA3_SYSTEM,4,200000,BACKPLANE,,,,0,0,0,168,0,0,0,,,
1,1,XPHY,0,AGERA3_SYSTEM,5,200000,BACKPLANE,,,,0,0,0,168,0,0,0,,,
1,1,XPHY,0,AGERA3_SYSTEM,6,200000,BACKPLANE,,,,0,0,0,168,0,0,0,,,
1,1,XPHY,0,AGERA3_SYSTEM,7,200000,BACKPLANE,,,,0,0,0,168,0,0,0,,,
1,2,XPHY,0,AGERA3_SYSTEM,0,200000,BACKPLANE,,,,0,0,0,168,0,0,0,,,
1,2,XPHY,0,AGERA3_SYSTEM,1,200000,BACKPLANE,,,,0,0,0,168,0,0,0,,,
1,2,XPHY,0,AGERA3_SYSTEM,2,200000,BACKPLANE,,,,0,0,0,168,0,0,0,,,
1,2,XPHY,0,AGERA3_SYSTEM,3,200000,BACKPLANE,,,,0,0,0,168,0,0,0,,,
1,2,XPHY,0,AGERA3_SYSTEM,4,200000,BACKPLANE,,,,0,0,0,168,0,0,0,,,
1,2,XPHY,0,AGERA3_SYSTEM,5,200000,BACKPLANE,,,,0,0,0,168,0,0,0,,,
1,2,XPHY,0,AGERA3_SYSTEM,6,200000,BACKPLANE,,,,0,0,0,168,0,0,0,,,
1,2,XPHY,0,AGERA3_SYSTEM,7,200000,BACKPLANE,,,,0,0,0,168,0,0,0,,,
1,3,XPHY,0,AGERA3_SYSTEM,0,200000,BACKPLANE,,,,0,0,0,168,0,0,0,,,
1,3,XPHY,0,AGERA3_SYSTEM,1,200000,BACKPLANE,,,,0,0,0,168,0,0,0,,,
1,3,XPHY,0,AGERA3_SYSTEM,2,200000,BACKPLANE,,,,0,0,0,168,0,0,0,,,
1,3,XPHY,0,AGERA3_SYSTEM,3,200000,BACKPLANE,,,,0,0,0,168,0,0,0,,,
1,3,XPHY,0,AGERA3_SYSTEM,4,200000,BACKPLANE,,,,0,0,0,168,0,0,0,,,
1,3,XPHY,0,AGERA3_SYSTEM,5,200000,BACKPLANE,,,,0,0,0,168,0,0,0,,,
1,3,XPHY,0,AGERA3_SYSTEM,6,200000,BACKPLANE,,,,0,0,0,168,0,0,0,,,
1,3,XPHY,0,AGERA3_SYSTEM,7,200000,BACKPLANE,,,,0,0,0,168,0,0,0,,,
1,4,XPHY,0,AGERA3_SYSTEM,0,200000,BACKPLANE,,,,0,0,0,168,0,0,0,,,
1,4,XPHY,0,AGERA3_SYSTEM,1,200000,BACKPLANE,,,,0,0,0,168,0,0,0,,,
1,4,XPHY,0,AGERA3_SYSTEM,2,200000,BACKPLANE,,,,0,0,0,168,0,0,0,,,
1,4,XPHY,0,AGERA3_SYSTEM,3,200000,BACKPLANE,,,,0,0,0,168,0,0,0,,,
1,4,XPHY,0,AGERA3_SYSTEM,4,200000,BACKPLANE,,,,0,0,0,168,0,0,0,,,
1,4,XPHY,0,AGERA3_SYSTEM,5,200000,BACKPLANE,,,,0,0,0,168,0,0,0,,,
1,4,XPHY,0,AGERA3_SYSTEM,6,200000,BACKPLANE,,,,0,0,0,168,0,0,0,,,
1,4,XPHY,0,AGERA3_SYSTEM,7,200000,BACKPLANE,,,,0,0,0,168,0,0,0,,,
1,5,XPHY,0,AGERA3_SYSTEM,0,200000,BACKPLANE,,,,0,0,0,168,0,0,0,,,
1,5,XPHY,0,AGERA3_SYSTEM,1,200000,BACKPLANE,,,,0,0,0,168,0,0,0,,,
1,5,XPHY,0,AGERA3_SYSTEM,2,200000,BACKPLANE,,,,0,0,0,168,0,0,0,,,
1,5,XPHY,0,AGERA3_SYSTEM,3,200000,BACKPLANE,,,,0,0,0,168,0,0,0,,,
1,5,XPHY,0,AGERA3_SYSTEM,4,200000,BACKPLANE,,,,0,0,0,168,0,0,0,,,
1,5,XPHY,0,AGERA3_SYSTEM,5,200000,BACKPLANE,,,,0,0,0,168,0,0,0,,,
1,5,XPHY,0,AGERA3_SYSTEM,6,200000,BACKPLANE,,,,0,0,0,168,0,0,0,,,
1,5,XPHY,0,AGERA3_SYSTEM,7,200000,BACKPLANE,,,,0,0,0,168,0,0,0,,,
1,6,XPHY,0,AGERA3_SYSTEM,0,200000,BACKPLANE,,,,0,0,0,168,0,0,0,,,
1,6,XPHY,0,AGERA3_SYSTEM,1,200000,BACKPLANE,,,,0,0,0,168,0,0,0,,,
1,6,XPHY,0,AGERA3_SYSTEM,2,200000,BACKPLANE,,,,0,0,0,168,0,0,0,,,
1,6,XPHY,0,AGERA3_SYSTEM,3,200000,BACKPLANE,,,,0,0,0,168,0,0,0,,,
1,6,XPHY,0,AGERA3_SYSTEM,4,200000,BACKPLANE,,,,0,0,0,168,0,0,0,,,
1,6,XPHY,0,AGERA3_SYSTEM,5,200000,BACKPLANE,,,,0,0,0,168,0,0,0,,,
1,6,XPHY,0,AGERA3_SYSTEM,6,200000,BACKPLANE,,,,0,0,0,168,0,0,0,,,
1,6,XPHY,0,AGERA3_SYSTEM,7,200000,BACKPLANE,,,,0,0,0,168,0,0,0,,,
1,7,XPHY,0,AGERA3_SYSTEM,0,200000,BACKPLANE,,,,0,0,0,168,0,0,0,,,
1,7,XPHY,0,AGERA3_SYSTEM,1,200000,BACKPLANE,,,,0,0,0,168,0,0,0,,,
1,7,XPHY,0,AGERA3_SYSTEM,2,200000,BACKPLANE,,,,0,0,0,168,0,0,0,,,
1,7,XPHY,0,AGERA3_SYSTEM,3,200000,BACKPLANE,,,,0,0,0,168,0,0,0,,,
1,7,XPHY,0,AGERA3_SYSTEM,4,200000,BACKPLANE,,,,0,0,0,168,0,0,0,,,
1,7,XPHY,0,AGERA3_SYSTEM,5,200000,BACKPLANE,,,,0,0,0,168,0,0,0,,,
1,7,XPHY,0,AGERA3_SYSTEM,6,200000,BACKPLANE,,,,0,0,0,168,0,0,0,,,
1,7,XPHY,0,AGERA3_SYSTEM,7,200000,BACKPLANE,,,,0,0,0,168,0,0,0,,,
1,8,XPHY,0,AGERA3_SYSTEM,0,200000,BACKPLANE,,,,0,0,0,168,0,0,0,,,
1,8,XPHY,0,AGERA3_SYSTEM,1,200000,BACKPLANE,,,,0,0,0,168,0,0,0,,,
1,8,XPHY,0,AGERA3_SYSTEM,2,200000,BACKPLANE,,,,0,0,0,168,0,0,0,,,
1,8,XPHY,0,AGERA3_SYSTEM,3,200000,BACKPLANE,,,,0,0,0,168,0,0,0,,,
1,8,XPHY,0,AGERA3_SYSTEM,4,200000,BACKPLANE,,,,0,0,0,168,0,0,0,,,
1,8,XPHY,0,AGERA3_SYSTEM,5,200000,BACKPLANE,,,,0,0,0,168,0,0,0,,,
1,8,XPHY,0,AGERA3_SYSTEM,6,200000,BACKPLANE,,,,0,0,0,168,0,0,0,,,
1,8,XPHY,0,AGERA3_SYSTEM,7,200000,BACKPLANE,,,,0,0,0,168,0,0,0,,,
1,9,XPHY,0,AGERA3_SYSTEM,0,200000,BACKPLANE,,,,0,0,0,168,0,0,0,,,
1,9,XPHY,0,AGERA3_SYSTEM,1,200000,BACKPLANE,,,,0,0,0,168,0,0,0,,,
1,9,XPHY,0,AGERA3_SYSTEM,2,200000,BACKPLANE,,,,0,0,0,168,0,0,0,,,
1,9,XPHY,0,AGERA3_SYSTEM,3,200000,BACKPLANE,,,,0,0,0,168,0,0,0,,,
1,9,XPHY,0,AGERA3_SYSTEM,4,200000,BACKPLANE,,,,0,0,0,168,0,0,0,,,
1,9,XPHY,0,AGERA3_SYSTEM,5,200000,BACKPLANE,,,,0,0,0,168,0,0,0,,,
1,9,XPHY,0,AGERA3_SYSTEM,6,200000,BACKPLANE,,,,0,0,0,168,0,0,0,,,
1,9,XPHY,0,AGERA3_SYSTEM,7,200000,BACKPLANE,,,,0,0,0,168,0,0,0,,,
1,10,XPHY,0,AGERA3_SYSTEM,0,200000,BACKPLANE,,,,0,0,0,168,0,0,0,,,
1,10,XPHY,0,AGERA3_SYSTEM,1,200000,BACKPLANE,,,,0,0,0,168,0,0,0,,,
1,10,XPHY,0,AGERA3_SYSTEM,2,200000,BACKPLANE,,,,0,0,0,168,0,0,0,,,
1,10,XPHY,0,AGERA3_SYSTEM,3,200000,BACKPLANE,,,,0,0,0,168,0,0,0,,,
1,10,XPHY,0,AGERA3_SYSTEM,4,200000,BACKPLANE,,,,0,0,0,168,0,0,0,,,
1,10,XPHY,0,AGERA3_SYSTEM,5,200000,BACKPLANE,,,,0,0,0,168,0,0,0,,,
1,10,XPHY,0,AGERA3_SYSTEM,6,200000,BACKPLANE,,,,0,0,0,168,0,0,0,,,
1,10,XPHY,0,AGERA3_SYSTEM,7,200000,BACKPLANE,,,,0,0,0,168,0,0,0,,,
1,11,XPHY,0,AGERA3_SYSTEM,0,200000,BACKPLANE,,,,0,0,0,168,0,0,0,,,
1,11,XPHY,0,AGERA3_SYSTEM,1,200000,BACKPLANE,,,,0,0,0,168,0,0,0,,,
1,11,XPHY,0,AGERA3_SYSTEM,2,200000,BACKPLANE,,,,0,0,0,168,0,0,0,,,
1,11,XPHY,0,AGERA3_SYSTEM,3,200000,BACKPLANE,,,,0,0,0,168,0,0,0,,,
1,11,XPHY,0,AGERA3_SYSTEM,4,200000,BACKPLANE,,,,0,0,0,168,0,0,0,,,
1,11,XPHY,0,AGERA3_SYSTEM,5,200000,BACKPLANE,,,,0,0,0,168,0,0,0,,,
1,11,XPHY,0,AGERA3_SYSTEM,6,200000,BACKPLANE,,,,0,0,0,168,0,0,0,,,
1,11,XPHY,0,AGERA3_SYSTEM,7,200000,BACKPLANE,,,,0,0,0,168,0,0,0,,,
1,12,XPHY,0,AGERA3_SYSTEM,0,200000,BACKPLANE,,,,0,0,0,168,0,0,0,,,
1,12,XPHY,0,AGERA3_SYSTEM,1,200000,BACKPLANE,,,,0,0,0,168,0,0,0,,,
1,12,XPHY,0,AGERA3_SYSTEM,2,200000,BACKPLANE,,,,0,0,0,168,0,0,0,,,
1,12,XPHY,0,AGERA3_SYSTEM,3,200000,BACKPLANE,,,,0,0,0,168,0,0,0,,,
1,12,XPHY,0,AGERA3_SYSTEM,4,200000,BACKPLANE,,,,0,0,0,168,0,0,0,,,
1,12,XPHY,0,AGERA3_SYSTEM,5,200000,BACKPLANE,,,,0,0,0,168,0,0,0,,,
1,12,XPHY,0,AGERA3_SYSTEM,6,200000,BACKPLANE,,,,0,0,0,168,0,0,0,,,
1,12,XPHY,0,AGERA3_SYSTEM,7,200000,BACKPLANE,,,,0,0,0,168,0,0,0,,,
1,13,XPHY,0,AGERA3_SYSTEM,0,200000,BACKPLANE,,,,0,0,0,168,0,0,0,,,
1,13,XPHY,0,AGERA3_SYSTEM,1,200000,BACKPLANE,,,,0,0,0,168,0,0,0,,,
1,13,XPHY,0,AGERA3_SYSTEM,2,200000,BACKPLANE,,,,0,0,0,168,0,0,0,,,
1,13,XPHY,0,AGERA3_SYSTEM,3,200000,BACKPLANE,,,,0,0,0,168,0,0,0,,,
1,13,XPHY,0,AGERA3_SYSTEM,4,200000,BACKPLANE,,,,0,0,0,168,0,0,0,,,
1,13,XPHY,0,AGERA3_SYSTEM,5,200000,BACKPLANE,,,,0,0,0,168,0,0,0,,,
1,13,XPHY,0,AGERA3_SYSTEM,6,200000,BACKPLANE,,,,0,0,0,168,0,0,0,,,
1,13,XPHY,0,AGERA3_SYSTEM,7,200000,BACKPLANE,,,,0,0,0,168,0,0,0,,,
1,14,XPHY,0,AGERA3_SYSTEM,0,200000,BACKPLANE,,,,0,0,0,168,0,0,0,,,
1,14,XPHY,0,AGERA3_SYSTEM,1,200000,BACKPLANE,,,,0,0,0,168,0,0,0,,,
1,14,XPHY,0,AGERA3_SYSTEM,2,200000,BACKPLANE,,,,0,0,0,168,0,0,0,,,
1,14,XPHY,0,AGERA3_SYSTEM,3,200000,BACKPLANE,,,,0,0,0,168,0,0,0,,,
1,14,XPHY,0,AGERA3_SYSTEM,4,200000,BACKPLANE,,,,0,0,0,168,0,0,0,,,
1,14,XPHY,0,AGERA3_SYSTEM,5,200000,BACKPLANE,,,,0,0,0,168,0,0,0,,,
1,14,XPHY,0,AGERA3_SYSTEM,6,200000,BACKPLANE,,,,0,0,0,168,0,0,0,,,
1,14,XPHY,0,AGERA3_SYSTEM,7,200000,BACKPLANE,,,,0,0,0,168,0,0,0,,,
1,15,XPHY,0,AGERA3_SYSTEM,0,200000,BACKPLANE,,,,0,0,0,168,0,0,0,,,
1,15,XPHY,0,AGERA3_SYSTEM,1,200000,BACKPLANE,,,,0,0,0,168,0,0,0,,,
1,15,XPHY,0,AGERA3_SYSTEM,2,200000,BACKPLANE,,,,0,0,0,168,0,0,0,,,
1,15,XPHY,0,AGERA3_SYSTEM,3,200000,BACKPLANE,,,,0,0,0,168,0,0,0,,,
1,15,XPHY,0,AGERA3_SYSTEM,4,200000,BACKPLANE,,,,0,0,0,168,0,0,0,,,
1,15,XPHY,0,AGERA3_SYSTEM,5,200000,BACKPLANE,,,,0,0,0,168,0,0,0,,,
1,15,XPHY,0,AGERA3_SYSTEM,6,200000,BACKPLANE,,,,0,0,0,168,0,0,0,,,
1,15,XPHY,0,AGERA3_SYSTEM,7,200000,BACKPLANE,,,,0,0,0,168,0,0,0,,,
1,16,XPHY,0,AGERA3_SYSTEM,0,200000,BACKPLANE,,,,0,0,0,168,0,0,0,,,
1,16,XPHY,0,AGERA3_SYSTEM,1,200000,BACKPLANE,,,,0,0,0,168,0,0,0,,,
1,16,XPHY,0,AGERA3_SYSTEM,2,200000,BACKPLANE,,,,0,0,0,168,0,0,0,,,
1,16,XPHY,0,AGERA3_SYSTEM,3,200000,BACKPLANE,,,,0,0,0,168,0,0,0,,,
1,16,XPHY,0,AGERA3_SYSTEM,4,200000,BACKPLANE,,,,0,0,0,168,0,0,0,,,
1,16,XPHY,0,AGERA3_SYSTEM,5,200000,BACKPLANE,,,,0,0,0,168,0,0,0,,,
1,16,XPHY,0,AGERA3_SYSTEM,6,200000,BACKPLANE,,,,0,0,0,168,0,0,0,,,
1,16,XPHY,0,AGERA3_SYSTEM,7,200000,BACKPLANE,,,,0,0,0,168,0,0,0,,,
1,1,XPHY,0,AGERA3_LINE,0,200000,BACKPLANE,,,,0,0,0,168,0,0,0,,,
1,1,XPHY,0,AGERA3_LINE,1,200000,BACKPLANE,,,,0,0,0,168,0,0,0,,,
1,1,XPHY,0,AGERA3_LINE,2,200000,BACKPLANE,,,,0,0,0,168,0,0,0,,,
1,1,XPHY,0,AGERA3_LINE,3,200000,BACKPLANE,,,,0,0,0,168,0,0,0,,,
1,1,XPHY,0,AGERA3_LINE,4,200000,BACKPLANE,,,,0,0,0,168,0,0,0,,,
1,1,XPHY,0,AGERA3_LINE,5,200000,BACKPLANE,,,,0,0,0,168,0,0,0,,,
1,1,XPHY,0,AGERA3_LINE,6,200000,BACKPLANE,,,,0,0,0,168,0,0,0,,,
1,1,XPHY,0,AGERA3_LINE,7,200000,BACKPLANE,,,,0,0,0,168,0,0,0,,,
1,2,XPHY,0,AGERA3_LINE,0,200000,BACKPLANE,,,,0,0,0,168,0,0,0,,,
1,2,XPHY,0,AGERA3_LINE,1,200000,BACKPLANE,,,,0,0,0,168,0,0,0,,,
1,2,XPHY,0,AGERA3_LINE,2,200000,BACKPLANE,,,,0,0,0,168,0,0,0,,,
1,2,XPHY,0,AGERA3_LINE,3,200000,BACKPLANE,,,,0,0,0,168,0,0,0,,,
1,2,XPHY,0,AGERA3_LINE,4,200000,BACKPLANE,,,,0,0,0,168,0,0,0,,,
1,2,XPHY,0,AGERA3_LINE,5,200000,BACKPLANE,,,,0,0,0,168,0,0,0,,,
1,2,XPHY,0,AGERA3_LINE,6,200000,BACKPLANE,,,,0,0,0,168,0,0,0,,,
1,2,XPHY,0,AGERA3_LINE,7,200000,BACKPLANE,,,,0,0,0,168,0,0,0,,,
1,3,XPHY,0,AGERA3_LINE,0,200000,BACKPLANE,,,,0,0,0,168,0,0,0,,,
1,3,XPHY,0,AGERA3_LINE,1,200000,BACKPLANE,,,,0,0,0,168,0,0,0,,,
1,3,XPHY,0,AGERA3_LINE,2,200000,BACKPLANE,,,,0,0,0,168,0,0,0,,,
1,3,XPHY,0,AGERA3_LINE,3,200000,BACKPLANE,,,,0,0,0,168,0,0,0,,,
1,3,XPHY,0,AGERA3_LINE,4,200000,BACKPLANE,,,,0,0,0,168,0,0,0,,,
1,3,XPHY,0,AGERA3_LINE,5,200000,BACKPLANE,,,,0,0,0,168,0,0,0,,,
1,3,XPHY,0,AGERA3_LINE,6,200000,BACKPLANE,,,,0,0,0,168,0,0,0,,,
1,3,XPHY,0,AGERA3_LINE,7,200000,BACKPLANE,,,,0,0,0,168,0,0,0,,,
1,4,XPHY,0,AGERA3_LINE,0,200000,BACKPLANE,,,,0,0,0,168,0,0,0,,,
1,4,XPHY,0,AGERA3_LINE,1,200000,BACKPLANE,,,,0,0,0,168,0,0,0,,,
1,4,XPHY,0,AGERA3_LINE,2,200000,BACKPLANE,,,,0,0,0,168,0,0,0,,,
1,4,XPHY,0,AGERA3_LINE,3,200000,BACKPLANE,,,,0,0,0,168,0,0,0,,,
1,4,XPHY,0,AGERA3_LINE,4,200000,BACKPLANE,,,,0,0,0,168,0,0,0,,,
1,4,XPHY,0,AGERA3_LINE,5,200000,BACKPLANE,,,,0,0,0,168,0,0,0,,,
1,4,XPHY,0,AGERA3_LINE,6,200000,BACKPLANE,,,,0,0,0,168,0,0,0,,,
1,4,XPHY,0,AGERA3_LINE,7,200000,BACKPLANE,,,,0,0,0,168,0,0,0,,,
1,5,XPHY,0,AGERA3_LINE,0,200000,BACKPLANE,,,,0,0,0,168,0,0,0,,,
1,5,XPHY,0,AGERA3_LINE,1,200000,BACKPLANE,,,,0,0,0,168,0,0,0,,,
1,5,XPHY,0,AGERA3_LINE,2,200000,BACKPLANE,,,,0,0,0,168,0,0,0,,,
1,5,XPHY,0,AGERA3_LINE,3,200000,BACKPLANE,,,,0,0,0,168,0,0,0,,,
1,5,XPHY,0,AGERA3_LINE,4,200000,BACKPLANE,,,,0,0,0,168,0,0,0,,,
1,5,XPHY,0,AGERA3_LINE,5,200000,BACKPLANE,,,,0,0,0,168,0,0,0,,,
1,5,XPHY,0,AGERA3_LINE,6,200000,BACKPLANE,,,,0,0,0,168,0,0,0,,,
1,5,XPHY,0,AGERA3_LINE,7,200000,BACKPLANE,,,,0,0,0,168,0,0,0,,,
1,6,XPHY,0,AGERA3_LINE,0,200000,BACKPLANE,,,,0,0,0,168,0,0,0,,,
1,6,XPHY,0,AGERA3_LINE,1,200000,BACKPLANE,,,,0,0,0,168,0,0,0,,,
1,6,XPHY,0,AGERA3_LINE,2,200000,BACKPLANE,,,,0,0,0,168,0,0,0,,,
1,6,XPHY,0,AGERA3_LINE,3,200000,BACKPLANE,,,,0,0,0,168,0,0,0,,,
1,6,XPHY,0,AGERA3_LINE,4,200000,BACKPLANE,,,,0,0,0,168,0,0,0,,,
1,6,XPHY,0,AGERA3_LINE,5,200000,BACKPLANE,,,,0,0,0,168,0,0,0,,,
1,6,XPHY,0,AGERA3_LINE,6,200000,BACKPLANE,,,,0,0,0,168,0,0,0,,,
1,6,XPHY,0,AGERA3_LINE,7,200000,BACKPLANE,,,,0,0,0,168,0,0,0,,,
1,7,XPHY,0,AGERA3_LINE,0,200000,BACKPLANE,,,,0,0,0,168,0,0,0,,,
1,7,XPHY,0,AGERA3_LINE,1,200000,BACKPLANE,,,,0,0,0,168,0,0,0,,,
1,7,XPHY,0,AGERA3_LINE,2,200000,BACKPLANE,,,,0,0,0,168,0,0,0,,,
1,7,XPHY,0,AGERA3_LINE,3,200000,BACKPLANE,,,,0,0,0,168,0,0,0,,,
1,7,XPHY,0,AGERA3_LINE,4,200000,BACKPLANE,,,,0,0,0,168,0,0,0,,,
1,7,XPHY,0,AGERA3_LINE,5,200000,BACKPLANE,,,,0,0,0,168,0,0,0,,,
1,7,XPHY,0,AGERA3_LINE,6,200000,BACKPLANE,,,,0,0,0,168,0,0,0,,,
1,7,XPHY,0,AGERA3_LINE,7,200000,BACKPLANE,,,,0,0,0,168,0,0,0,,,
1,8,XPHY,0,AGERA3_LINE,0,200000,BACKPLANE,,,,0,0,0,168,0,0,0,,,
1,8,XPHY,0,AGERA3_LINE,1,200000,BACKPLANE,,,,0,0,0,168,0,0,0,,,
1,8,XPHY,0,AGERA3_LINE,2,200000,BACKPLANE,,,,0,0,0,168,0,0,0,,,
1,8,XPHY,0,AGERA3_LINE,3,200000,BACKPLANE,,,,0,0,0,168,0,0,0,,,
1,8,XPHY,0,AGERA3_LINE,4,200000,BACKPLANE,,,,0,0,0,168,0,0,0,,,
1,8,XPHY,0,AGERA3_LINE,5,200000,BACKPLANE,,,,0,0,0,168,0,0,0,,,
1,8,XPHY,0,AGERA3_LINE,6,200000,BACKPLANE,,,,0,0,0,168,0,0,0,,,
1,8,XPHY,0,AGERA3_LINE,7,200000,BACKPLANE,,,,0,0,0,168,0,0,0,,,
1,9,XPHY,0,AGERA3_LINE,0,200000,BACKPLANE,,,,0,0,0,168,0,0,0,,,
1,9,XPHY,0,AGERA3_LINE,1,200000,BACKPLANE,,,,0,0,0,168,0,0,0,,,
1,9,XPHY,0,AGERA3_LINE,2,200000,BACKPLANE,,,,0,0,0,168,0,0,0,,,
1,9,XPHY,0,AGERA3_LINE,3,200000,BACKPLANE,,,,0,0,0,168,0,0,0,,,
1,9,XPHY,0,AGERA3_LINE,4,200000,BACKPLANE,,,,0,0,0,168,0,0,0,,,
1,9,XPHY,0,AGERA3_LINE,5,200000,BACKPLANE,,,,0,0,0,168,0,0,0,,,
1,9,XPHY,0,AGERA3_LINE,6,200000,BACKPLANE,,,,0,0,0,168,0,0,0,,,
1,9,XPHY,0,AGERA3_LINE,7,200000,BACKPLANE,,,,0,0,0,168,0,0,0,,,
1,10,XPHY,0,AGERA3_LINE,0,200000,BACKPLANE,,,,0,0,0,168,0,0,0,,,
1,10,XPHY,0,AGERA3_LINE,1,200000,BACKPLANE,,,,0,0,0,168,0,0,0,,,
1,10,XPHY,0,AGERA3_LINE,2,200000,BACKPLANE,,,,0,0,0,168,0,0,0,,,
1,10,XPHY,0,AGERA3_LINE,3,200000,BACKPLANE,,,,0,0,0,168,0,0,0,,,
1,10,XPHY,0,AGERA3_LINE,4,200000,BACKPLANE,,,,0,0,0,168,0,0,0,,,
1,10,XPHY,0,AGERA3_LINE,5,200000,BACKPLANE,,,,0,0,0,168,0,0,0,,,
1,10,XPHY,0,AGERA3_LINE,6,200000,BACKPLANE,,,,0,0,0,168,0,0,0,,,
1,10,XPHY,0,AGERA3_LINE,7,200000,BACKPLANE,,,,0,0,0,168,0,0,0,,,
1,11,XPHY,0,AGERA3_LINE,0,200000,BACKPLANE,,,,0,0,0,168,0,0,0,,,
1,11,XPHY,0,AGERA3_LINE,1,200000,BACKPLANE,,,,0,0,0,168,0,0,0,,,
1,11,XPHY,0,AGERA3_LINE,2,200000,BACKPLANE,,,,0,0,0,168,0,0,0,,,
1,11,XPHY,0,AGERA3_LINE,3,200000,BACKPLANE,,,,0,0,0,168,0,0,0,,,
1,11,XPHY,0,AGERA3_LINE,4,200000,BACKPLANE,,,,0,0,0,168,0,0,0,,,
1,11,XPHY,0,AGERA3_LINE,5,200000,BACKPLANE,,,,0,0,0,168,0,0,0,,,
1,11,XPHY,0,AGERA3_LINE,6,200000,BACKPLANE,,,,0,0,0,168,0,0,0,,,
1,11,XPHY,0,AGERA3_LINE,7,200000,BACKPLANE,,,,0,0,0,168,0,0,0,,,
1,12,XPHY,0,AGERA3_LINE,0,200000,BACKPLANE,,,,0,0,0,168,0,0,0,,,
1,12,XPHY,0,AGERA3_LINE,1,200000,BACKPLANE,,,,0,0,0,168,0,0,0,,,
1,12,XPHY,0,AGERA3_LINE,2,200000,BACKPLANE,,,,0,0,0,168,0,0,0,,,
1,12,XPHY,0,AGERA3_LINE,3,200000,BACKPLANE,,,,0,0,0,168,0,0,0,,,
1,12,XPHY,0,AGERA3_LINE,4,200000,BACKPLANE,,,,0,0,0,168,0,0,0,,,
1,12,XPHY,0,AGERA3_LINE,5,200000,BACKPLANE,,,,0,0,0,168,0,0,0,,,
1,12,XPHY,0,AGERA3_LINE,6,200000,BACKPLANE,,,,0,0,0,168,0,0,0,,,
1,12,XPHY,0,AGERA3_LINE,7,200000,BACKPLANE,,,,0,0,0,168,0,0,0,,,
1,13,XPHY,0,AGERA3_LINE,0,200000,BACKPLANE,,,,0,0,0,168,0,0,0,,,
1,13,XPHY,0,AGERA3_LINE,1,200000,BACKPLANE,,,,0,0,0,168,0,0,0,,,
1,13,XPHY,0,AGERA3_LINE,2,200000,BACKPLANE,,,,0,0,0,168,0,0,0,,,
1,13,XPHY,0,AGERA3_LINE,3,200000,BACKPLANE,,,,0,0,0,168,0,0,0,,,
1,13,XPHY,0,AGERA3_LINE,4,200000,BACKPLANE,,,,0,0,0,168,0,0,0,,,
1,13,XPHY,0,AGERA3_LINE,5,200000,BACKPLANE,,,,0,0,0,168,0,0,0,,,
1,13,XPHY,0,AGERA3_LINE,6,200000,BACKPLANE,,,,0,0,0,168,0,0,0,,,
1,13,XPHY,0,AGERA3_LINE,7,200000,BACKPLANE,,,,0,0,0,168,0,0,0,,,
1,14,XPHY,0,AGERA3_LINE,0,200000,BACKPLANE,,,,0,0,0,168,0,0,0,,,
1,14,XPHY,0,AGERA3_LINE,1,200000,BACKPLANE,,,,0,0,0,168,0,0,0,,,
1,14,XPHY,0,AGERA3_LINE,2,200000,BACKPLANE,,,,0,0,0,168,0,0,0,,,
1,14,XPHY,0,AGERA3_LINE,3,200000,BACKPLANE,,,,0,0,0,168,0,0,0,,,
1,14,XPHY,0,AGERA3_LINE,4,200000,BACKPLANE,,,,0,0,0,168,0,0,0,,,
1,14,XPHY,0,AGERA3_LINE,5,200000,BACKPLANE,,,,0,0,0,168,0,0,0,,,
1,14,XPHY,0,AGERA3_LINE,6,200000,BACKPLANE,,,,0,0,0,168,0,0,0,,,
1,14,XPHY,0,AGERA3_LINE,7,200000,BACKPLANE,,,,0,0,0,168,0,0,0,,,
1,15,XPHY,0,AGERA3_LINE,0,200000,BACKPLANE,,,,0,0,0,168,0,0,0,,,
1,15,XPHY,0,AGERA3_LINE,1,200000,BACKPLANE,,,,0,0,0,168,0,0,0,,,
1,15,XPHY,0,AGERA3_LINE,2,200000,BACKPLANE,,,,0,0,0,168,0,0,0,,,
1,15,XPHY,0,AGERA3_LINE,3,200000,BACKPLANE,,,,0,0,0,168,0,0,0,,,
1,15,XPHY,0,AGERA3_LINE,4,200000,BACKPLANE,,,,0,0,0,168,0,0,0,,,
1,15,XPHY,0,AGERA3_LINE,5,200000,BACKPLANE,,,,0,0,0,168,0,0,0,,,
1,15,XPHY,0,AGERA3_LINE,6,200000,BACKPLANE,,,,0,0,0,168,0,0,0,,,
1,15,XPHY,0,AGERA3_LINE,7,200000,BACKPLANE,,,,0,0,0,168,0,0,0,,,
1,16,XPHY,0,AGERA3_LINE,0,200000,BACKPLANE,,,,0,0,0,168,0,0,0,,,
1,16,XPHY,0,AGERA3_LINE,1,200000,BACKPLANE,,,,0,0,0,168,0,0,0,,,
1,16,XPHY,0,AGERA3_LINE,2,200000,BACKPLANE,,,,0,0,0,168,0,0,0,,,
1,16,XPHY,0,AGERA3_LINE,3,200000,BACKPLANE,,,,0,0,0,168,0,0,0,,,
1,16,XPHY,0,AGERA3_LINE,4,200000,BACKPLANE,,,,0,0,0,168,0,0,0,,,
1,16,XPHY,0,AGERA3_LINE,5,200000,BACKPLANE,,,,0,0,0,168,0,0,0,,,
1,16,XPHY,0,AGERA3_LINE,6,200000,BACKPLANE,,,,0,0,0,168,0,0,0,,,
1,16,XPHY,0,AGERA3_LINE,7,200000,BACKPLANE,,,,0,0,0,168,0,0,0,,,
1,2,NPU,0,TH6_NIF,0,200000,BACKPLANE,,,,0,0,0,168,0,0,0,,,
1,2,NPU,0,TH6_NIF,1,200000,BACKPLANE,,,,0,0,0,168,0,0,0,,,
1,2,NPU,0,TH6_NIF,2,200000,BACKPLANE,,,,0,0,0,168,0,0,0,,,
1,2,NPU,0,TH6_NIF,3,200000,BACKPLANE,,,,0,0,0,168,0,0,0,,,
1,2,NPU,0,TH6_NIF,4,200000,BACKPLANE,,,,0,0,0,168,0,0,0,,,
1,2,NPU,0,TH6_NIF,5,200000,BACKPLANE,,,,0,0,0,168,0,0,0,,,
1,2,NPU,0,TH6_NIF,6,200000,BACKPLANE,,,,0,0,0,168,0,0,0,,,
1,2,NPU,0,TH6_NIF,7,200000,BACKPLANE,,,,0,0,0,168,0,0,0,,,
1,2,NPU,1,TH6_NIF,0,200000,BACKPLANE,,,,0,0,0,168,0,0,0,,,
1,2,NPU,1,TH6_NIF,1,200000,BACKPLANE,,,,0,0,0,168,0,0,0,,,
1,2,NPU,1,TH6_NIF,2,200000,BACKPLANE,,,,0,0,0,168,0,0,0,,,
1,2,NPU,1,TH6_NIF,3,200000,BACKPLANE,,,,0,0,0,168,0,0,0,,,
1,2,NPU,1,TH6_NIF,4,200000,BACKPLANE,,,,0,0,0,168,0,0,0,,,
1,2,NPU,1,TH6_NIF,5,200000,BACKPLANE,,,,0,0,0,168,0,0,0,,,
1,2,NPU,1,TH6_NIF,6,200000,BACKPLANE,,,,0,0,0,168,0,0,0,,,
1,2,NPU,1,TH6_NIF,7,200000,BACKPLANE,,,,0,0,0,168,0,0,0,,,
1,2,NPU,2,TH6_NIF,0,200000,BACKPLANE,,,,0,0,0,168,0,0,0,,,
1,2,NPU,2,TH6_NIF,1,200000,BACKPLANE,,,,0,0,0,168,0,0,0,,,
1,2,NPU,2,TH6_NIF,2,200000,BACKPLANE,,,,0,0,0,168,0,0,0,,,
1,2,NPU,2,TH6_NIF,3,200000,BACKPLANE,,,,0,0,0,168,0,0,0,,,
1,2,NPU,2,TH6_NIF,4,200000,BACKPLANE,,,,0,0,0,168,0,0,0,,,
1,2,NPU,2,TH6_NIF,5,200000,BACKPLANE,,,,0,0,0,168,0,0,0,,,
1,2,NPU,2,TH6_NIF,6,200000,BACKPLANE,,,,0,0,0,168,0,0,0,,,
1,2,NPU,2,TH6_NIF,7,200000,BACKPLANE,,,,0,0,0,168,0,0,0,,,
1,2,NPU,3,TH6_NIF,0,200000,BACKPLANE,,,,0,0,0,168,0,0,0,,,
1,2,NPU,3,TH6_NIF,1,200000,BACKPLANE,,,,0,0,0,168,0,0,0,,,
1,2,NPU,3,TH6_NIF,2,200000,BACKPLANE,,,,0,0,0,168,0,0,0,,,
1,2,NPU,3,TH6_NIF,3,200000,BACKPLANE,,,,0,0,0,168,0,0,0,,,
1,2,NPU,3,TH6_NIF,4,200000,BACKPLANE,,,,0,0,0,168,0,0,0,,,
1,2,NPU,3,TH6_NIF,5,200000,BACKPLANE,,,,0,0,0,168,0,0,0,,,
1,2,NPU,3,TH6_NIF,6,200000,BACKPLANE,,,,0,0,0,168,0,0,0,,,
1,2,NPU,3,TH6_NIF,7,200000,BACKPLANE,,,,0,0,0,168,0,0,0,,,
1,2,NPU,4,TH6_NIF,0,200000,BACKPLANE,,,,0,0,0,168,0,0,0,,,
1,2,NPU,4,TH6_NIF,1,200000,BACKPLANE,,,,0,0,0,168,0,0,0,,,
1,2,NPU,4,TH6_NIF,2,200000,BACKPLANE,,,,0,0,0,168,0,0,0,,,
1,2,NPU,4,TH6_NIF,3,200000,BACKPLANE,,,,0,0,0,168,0,0,0,,,
1,2,NPU,4,TH6_NIF,4,200000,BACKPLANE,,,,0,0,0,168,0,0,0,,,
1,2,NPU,4,TH6_NIF,5,200000,BACKPLANE,,,,0,0,0,168,0,0,0,,,
1,2,NPU,4,TH6_NIF,6,200000,BACKPLANE,,,,0,0,0,168,0,0,0,,,
1,2,NPU,4,TH6_NIF,7,200000,BACKPLANE,,,,0,0,0,168,0,0,0,,,
1,2,NPU,5,TH6_NIF,0,200000,BACKPLANE,,,,0,0,0,168,0,0,0,,,
1,2,NPU,5,TH6_NIF,1,200000,BACKPLANE,,,,0,0,0,168,0,0,0,,,
1,2,NPU,5,TH6_NIF,2,200000,BACKPLANE,,,,0,0,0,168,0,0,0,,,
1,2,NPU,5,TH6_NIF,3,200000,BACKPLANE,,,,0,0,0,168,0,0,0,,,
1,2,NPU,5,TH6_NIF,4,200000,BACKPLANE,,,,0,0,0,168,0,0,0,,,
1,2,NPU,5,TH6_NIF,5,200000,BACKPLANE,,,,0,0,0,168,0,0,0,,,
1,2,NPU,5,TH6_NIF,6,200000,BACKPLANE,,,,0,0,0,168,0,0,0,,,
1,2,NPU,5,TH6_NIF,7,200000,BACKPLANE,,,,0,0,0,168,0,0,0,,,
1,2,NPU,6,TH6_NIF,0,200000,BACKPLANE,,,,0,0,0,168,0,0,0,,,
1,2,NPU,6,TH6_NIF,1,200000,BACKPLANE,,,,0,0,0,168,0,0,0,,,
1,2,NPU,6,TH6_NIF,2,200000,BACKPLANE,,,,0,0,0,168,0,0,0,,,
1,2,NPU,6,TH6_NIF,3,200000,BACKPLANE,,,,0,0,0,168,0,0,0,,,
1,2,NPU,6,TH6_NIF,4,200000,BACKPLANE,,,,0,0,0,168,0,0,0,,,
1,2,NPU,6,TH6_NIF,5,200000,BACKPLANE,,,,0,0,0,168,0,0,0,,,
1,2,NPU,6,TH6_NIF,6,200000,BACKPLANE,,,,0,0,0,168,0,0,0,,,
1,2,NPU,6,TH6_NIF,7,200000,BACKPLANE,,,,0,0,0,168,0,0,0,,,
1,2,NPU,7,TH6_NIF,0,200000,BACKPLANE,,,,0,0,0,168,0,0,0,,,
1,2,NPU,7,TH6_NIF,1,200000,BACKPLANE,,,,0,0,0,168,0,0,0,,,
1,2,NPU,7,TH6_NIF,2,200000,BACKPLANE,,,,0,0,0,168,0,0,0,,,
1,2,NPU,7,TH6_NIF,3,200000,BACKPLANE,,,,0,0,0,168,0,0,0,,,
1,2,NPU,7,TH6_NIF,4,200000,BACKPLANE,,,,0,0,0,168,0,0,0,,,
1,2,NPU,7,TH6_NIF,5,200000,BACKPLANE,,,,0,0,0,168,0,0,0,,,
1,2,NPU,7,TH6_NIF,6,200000,BACKPLANE,,,,0,0,0,168,0,0,0,,,
1,2,NPU,7,TH6_NIF,7,200000,BACKPLANE,,,,0,0,0,168,0,0,0,,,
1,2,NPU,8,TH6_NIF,0,200000,BACKPLANE,,,,0,0,0,168,0,0,0,,,
1,2,NPU,8,TH6_NIF,1,200000,BACKPLANE,,,,0,0,0,168,0,0,0,,,
1,2,NPU,8,TH6_NIF,2,200000,BACKPLANE,,,,0,0,0,168,0,0,0,,,
1,2,NPU,8,TH6_NIF,3,200000,BACKPLANE,,,,0,0,0,168,0,0,0,,,
1,2,NPU,8,TH6_NIF,4,200000,BACKPLANE,,,,0,0,0,168,0,0,0,,,
1,2,NPU,8,TH6_NIF,5,200000,BACKPLANE,,,,0,0,0,168,0,0,0,,,
1,2,NPU,8,TH6_NIF,6,200000,BACKPLANE,,,,0,0,0,168,0,0,0,,,
1,2,NPU,8,TH6_NIF,7,200000,BACKPLANE,,,,0,0,0,168,0,0,0,,,
1,2,NPU,9,TH6_NIF,0,200000,BACKPLANE,,,,0,0,0,168,0,0,0,,,
1,2,NPU,9,TH6_NIF,1,200000,BACKPLANE,,,,0,0,0,168,0,0,0,,,
1,2,NPU,9,TH6_NIF,2,200000,BACKPLANE,,,,0,0,0,168,0,0,0,,,
1,2,NPU,9,TH6_NIF,3,200000,BACKPLANE,,,,0,0,0,168,0,0,0,,,
1,2,NPU,9,TH6_NIF,4,200000,BACKPLANE,,,,0,0,0,168,0,0,0,,,
1,2,NPU,9,TH6_NIF,5,200000,BACKPLANE,,,,0,0,0,168,0,0,0,,,
1,2,NPU,9,TH6_NIF,6,200000,BACKPLANE,,,,0,0,0,168,0,0,0,,,
1,2,NPU,9,TH6_NIF,7,200000,BACKPLANE,,,,0,0,0,168,0,0,0,,,
1,2,NPU,10,TH6_NIF,0,200000,BACKPLANE,,,,0,0,0,168,0,0,0,,,
1,2,NPU,10,TH6_NIF,1,200000,BACKPLANE,,,,0,0,0,168,0,0,0,,,
1,2,NPU,10,TH6_NIF,2,200000,BACKPLANE,,,,0,0,0,168,0,0,0,,,
1,2,NPU,10,TH6_NIF,3,200000,BACKPLANE,,,,0,0,0,168,0,0,0,,,
1,2,NPU,10,TH6_NIF,4,200000,BACKPLANE,,,,0,0,0,168,0,0,0,,,
1,2,NPU,10,TH6_NIF,5,200000,BACKPLANE,,,,0,0,0,168,0,0,0,,,
1,2,NPU,10,TH6_NIF,6,200000,BACKPLANE,,,,0,0,0,168,0,0,0,,,
1,2,NPU,10,TH6_NIF,7,200000,BACKPLANE,,,,0,0,0,168,0,0,0,,,
1,2,NPU,11,TH6_NIF,0,200000,BACKPLANE,,,,0,0,0,168,0,0,0,,,
1,2,NPU,11,TH6_NIF,1,200000,BACKPLANE,,,,0,0,0,168,0,0,0,,,
1,2,NPU,11,TH6_NIF,2,200000,BACKPLANE,,,,0,0,0,168,0,0,0,,,
1,2,NPU,11,TH6_NIF,3,200000,BACKPLANE,,,,0,0,0,168,0,0,0,,,
1,2,NPU,11,TH6_NIF,4,200000,BACKPLANE,,,,0,0,0,168,0,0,0,,,
1,2,NPU,11,TH6_NIF,5,200000,BACKPLANE,,,,0,0,0,168,0,0,0,,,
1,2,NPU,11,TH6_NIF,6,200000,BACKPLANE,,,,0,0,0,168,0,0,0,,,
1,2,NPU,11,TH6_NIF,7,200000,BACKPLANE,,,,0,0,0,168,0,0,0,,,
1,2,NPU,12,TH6_NIF,0,200000,BACKPLANE,,,,0,0,0,168,0,0,0,,,
1,2,NPU,12,TH6_NIF,1,200000,BACKPLANE,,,,0,0,0,168,0,0,0,,,
1,2,NPU,12,TH6_NIF,2,200000,BACKPLANE,,,,0,0,0,168,0,0,0,,,
1,2,NPU,12,TH6_NIF,3,200000,BACKPLANE,,,,0,0,0,168,0,0,0,,,
1,2,NPU,12,TH6_NIF,4,200000,BACKPLANE,,,,0,0,0,168,0,0,0,,,
1,2,NPU,12,TH6_NIF,5,200000,BACKPLANE,,,,0,0,0,168,0,0,0,,,
1,2,NPU,12,TH6_NIF,6,200000,BACKPLANE,,,,0,0,0,168,0,0,0,,,
1,2,NPU,12,TH6_NIF,7,200000,BACKPLANE,,,,0,0,0,168,0,0,0,,,
1,2,NPU,13,TH6_NIF,0,200000,BACKPLANE,,,,0,0,0,168,0,0,0,,,
1,2,NPU,13,TH6_NIF,1,200000,BACKPLANE,,,,0,0,0,168,0,0,0,,,
1,2,NPU,13,TH6_NIF,2,200000,BACKPLANE,,,,0,0,0,168,0,0,0,,,
1,2,NPU,13,TH6_NIF,3,200000,BACKPLANE,,,,0,0,0,168,0,0,0,,,
1,2,NPU,13,TH6_NIF,4,200000,BACKPLANE,,,,0,0,0,168,0,0,0,,,
1,2,NPU,13,TH6_NIF,5,200000,BACKPLANE,,,,0,0,0,168,0,0,0,,,
1,2,NPU,13,TH6_NIF,6,200000,BACKPLANE,,,,0,0,0,168,0,0,0,,,
1,2,NPU,13,TH6_NIF,7,200000,BACKPLANE,,,,0,0,0,168,0,0,0,,,
1,2,NPU,14,TH6_NIF,0,200000,BACKPLANE,,,,0,0,0,168,0,0,0,,,
1,2,NPU,14,TH6_NIF,1,200000,BACKPLANE,,,,0,0,0,168,0,0,0,,,
1,2,NPU,14,TH6_NIF,2,200000,BACKPLANE,,,,0,0,0,168,0,0,0,,,
1,2,NPU,14,TH6_NIF,3,200000,BACKPLANE,,,,0,0,0,168,0,0,0,,,
1,2,NPU,14,TH6_NIF,4,200000,BACKPLANE,,,,0,0,0,168,0,0,0,,,
1,2,NPU,14,TH6_NIF,5,200000,BACKPLANE,,,,0,0,0,168,0,0,0,,,
1,2,NPU,14,TH6_NIF,6,200000,BACKPLANE,,,,0,0,0,168,0,0,0,,,
1,2,NPU,14,TH6_NIF,7,200000,BACKPLANE,,,,0,0,0,168,0,0,0,,,
1,2,NPU,15,TH6_NIF,0,200000,BACKPLANE,,,,0,0,0,168,0,0,0,,,
1,2,NPU,15,TH6_NIF,1,200000,BACKPLANE,,,,0,0,0,168,0,0,0,,,
1,2,NPU,15,TH6_NIF,2,200000,BACKPLANE,,,,0,0,0,168,0,0,0,,,
1,2,NPU,15,TH6_NIF,3,200000,BACKPLANE,,,,0,0,0,168,0,0,0,,,
1,2,NPU,15,TH6_NIF,4,200000,BACKPLANE,,,,0,0,0,168,0,0,0,,,
1,2,NPU,15,TH6_NIF,5,200000,BACKPLANE,,,,0,0,0,168,0,0,0,,,
1,2,NPU,15,TH6_NIF,6,200000,BACKPLANE,,,,0,0,0,168,0,0,0,,,
1,2,NPU,15,TH6_NIF,7,200000,BACKPLANE,,,,0,0,0,168,0,0,0,,,
1,2,NPU,16,TH6_NIF,0,200000,BACKPLANE,,,,0,0,0,168,0,0,0,,,
1,2,NPU,16,TH6_NIF,1,200000,BACKPLANE,,,,0,0,0,168,0,0,0,,,
1,2,NPU,16,TH6_NIF,2,200000,BACKPLANE,,,,0,0,0,168,0,0,0,,,
1,2,NPU,16,TH6_NIF,3,200000,BACKPLANE,,,,0,0,0,168,0,0,0,,,
1,2,NPU,16,TH6_NIF,4,200000,BACKPLANE,,,,0,0,0,168,0,0,0,,,
1,2,NPU,16,TH6_NIF,5,200000,BACKPLANE,,,,0,0,0,168,0,0,0,,,
1,2,NPU,16,TH6_NIF,6,200000,BACKPLANE,,,,0,0,0,168,0,0,0,,,
1,2,NPU,16,TH6_NIF,7,200000,BACKPLANE,,,,0,0,0,168,0,0,0,,,
1,2,NPU,17,TH6_NIF,0,200000,BACKPLANE,,,,0,0,0,168,0,0,0,,,
1,2,NPU,17,TH6_NIF,1,200000,BACKPLANE,,,,0,0,0,168,0,0,0,,,
1,2,NPU,17,TH6_NIF,2,200000,BACKPLANE,,,,0,0,0,168,0,0,0,,,
1,2,NPU,17,TH6_NIF,3,200000,BACKPLANE,,,,0,0,0,168,0,0,0,,,
1,2,NPU,17,TH6_NIF,4,200000,BACKPLANE,,,,0,0,0,168,0,0,0,,,
1,2,NPU,17,TH6_NIF,5,200000,BACKPLANE,,,,0,0,0,168,0,0,0,,,
1,2,NPU,17,TH6_NIF,6,200000,BACKPLANE,,,,0,0,0,168,0,0,0,,,
1,2,NPU,17,TH6_NIF,7,200000,BACKPLANE,,,,0,0,0,168,0,0,0,,,
1,2,NPU,18,TH6_NIF,0,200000,BACKPLANE,,,,0,0,0,168,0,0,0,,,
1,2,NPU,18,TH6_NIF,1,200000,BACKPLANE,,,,0,0,0,168,0,0,0,,,
1,2,NPU,18,TH6_NIF,2,200000,BACKPLANE,,,,0,0,0,168,0,0,0,,,
1,2,NPU,18,TH6_NIF,3,200000,BACKPLANE,,,,0,0,0,168,0,0,0,,,
1,2,NPU,18,TH6_NIF,4,200000,BACKPLANE,,,,0,0,0,168,0,0,0,,,
1,2,NPU,18,TH6_NIF,5,200000,BACKPLANE,,,,0,0,0,168,0,0,0,,,
1,2,NPU,18,TH6_NIF,6,200000,BACKPLANE,,,,0,0,0,168,0,0,0,,,
1,2,NPU,18,TH6_NIF,7,200000,BACKPLANE,,,,0,0,0,168,0,0,0,,,
1,2,NPU,19,TH6_NIF,0,200000,BACKPLANE,,,,0,0,0,168,0,0,0,,,
1,2,NPU,19,TH6_NIF,1,200000,BACKPLANE,,,,0,0,0,168,0,0,0,,,
1,2,NPU,19,TH6_NIF,2,200000,BACKPLANE,,,,0,0,0,168,0,0,0,,,
1,2,NPU,19,TH6_NIF,3,200000,BACKPLANE,,,,0,0,0,168,0,0,0,,,
1,2,NPU,19,TH6_NIF,4,200000,BACKPLANE,,,,0,0,0,168,0,0,0,,,
1,2,NPU,19,TH6_NIF,5,200000,BACKPLANE,,,,0,0,0,168,0,0,0,,,
1,2,NPU,19,TH6_NIF,6,200000,BACKPLANE,,,,0,0,0,168,0,0,0,,,
1,2,NPU,19,TH6_NIF,7,200000,BACKPLANE,,,,0,0,0,168,0,0,0,,,
1,2,NPU,20,TH6_NIF,0,200000,BACKPLANE,,,,0,0,0,168,0,0,0,,,
1,2,NPU,20,TH6_NIF,1,200000,BACKPLANE,,,,0,0,0,168,0,0,0,,,
1,2,NPU,20,TH6_NIF,2,200000,BACKPLANE,,,,0,0,0,168,0,0,0,,,
1,2,NPU,20,TH6_NIF,3,200000,BACKPLANE,,,,0,0,0,168,0,0,0,,,
1,2,NPU,20,TH6_NIF,4,200000,BACKPLANE,,,,0,0,0,168,0,0,0,,,
1,2,NPU,20,TH6_NIF,5,200000,BACKPLANE,,,,0,0,0,168,0,0,0,,,
1,2,NPU,20,TH6_NIF,6,200000,BACKPLANE,,,,0,0,0,168,0,0,0,,,
1,2,NPU,20,TH6_NIF,7,200000,BACKPLANE,,,,0,0,0,168,0,0,0,,,
1,2,NPU,21,TH6_NIF,0,200000,BACKPLANE,,,,0,0,0,168,0,0,0,,,
1,2,NPU,21,TH6_NIF,1,200000,BACKPLANE,,,,0,0,0,168,0,0,0,,,
1,2,NPU,21,TH6_NIF,2,200000,BACKPLANE,,,,0,0,0,168,0,0,0,,,
1,2,NPU,21,TH6_NIF,3,200000,BACKPLANE,,,,0,0,0,168,0,0,0,,,
1,2,NPU,21,TH6_NIF,4,200000,BACKPLANE,,,,0,0,0,168,0,0,0,,,
1,2,NPU,21,TH6_NIF,5,200000,BACKPLANE,,,,0,0,0,168,0,0,0,,,
1,2,NPU,21,TH6_NIF,6,200000,BACKPLANE,,,,0,0,0,168,0,0,0,,,
1,2,NPU,21,TH6_NIF,7,200000,BACKPLANE,,,,0,0,0,168,0,0,0,,,
1,2,NPU,22,TH6_NIF,0,200000,BACKPLANE,,,,0,0,0,168,0,0,0,,,
1,2,NPU,22,TH6_NIF,1,200000,BACKPLANE,,,,0,0,0,168,0,0,0,,,
1,2,NPU,22,TH6_NIF,2,200000,BACKPLANE,,,,0,0,0,168,0,0,0,,,
1,2,NPU,22,TH6_NIF,3,200000,BACKPLANE,,,,0,0,0,168,0,0,0,,,
1,2,NPU,22,TH6_NIF,4,200000,BACKPLANE,,,,0,0,0,168,0,0,0,,,
1,2,NPU,22,TH6_NIF,5,200000,BACKPLANE,,,,0,0,0,168,0,0,0,,,
1,2,NPU,22,TH6_NIF,6,200000,BACKPLANE,,,,0,0,0,168,0,0,0,,,
1,2,NPU,22,TH6_NIF,7,200000,BACKPLANE,,,,0,0,0,168,0,0,0,,,
1,2,NPU,23,TH6_NIF,0,200000,BACKPLANE,,,,0,0,0,168,0,0,0,,,
1,2,NPU,23,TH6_NIF,1,200000,BACKPLANE,,,,0,0,0,168,0,0,0,,,
1,2,NPU,23,TH6_NIF,2,200000,BACKPLANE,,,,0,0,0,168,0,0,0,,,
1,2,NPU,23,TH6_NIF,3,200000,BACKPLANE,,,,0,0,0,168,0,0,0,,,
1,2,NPU,23,TH6_NIF,4,200000,BACKPLANE,,,,0,0,0,168,0,0,0,,,
1,2,NPU,23,TH6_NIF,5,200000,BACKPLANE,,,,0,0,0,168,0,0,0,,,
1,2,NPU,23,TH6_NIF,6,200000,BACKPLANE,,,,0,0,0,168,0,0,0,,,
1,2,NPU,23,TH6_NIF,7,200000,BACKPLANE,,,,0,0,0,168,0,0,0,,,
1,2,NPU,24,TH6_NIF,0,200000,BACKPLANE,,,,0,0,0,168,0,0,0,,,
1,2,NPU,24,TH6_NIF,1,200000,BACKPLANE,,,,0,0,0,168,0,0,0,,,
1,2,NPU,24,TH6_NIF,2,200000,BACKPLANE,,,,0,0,0,168,0,0,0,,,
1,2,NPU,24,TH6_NIF,3,200000,BACKPLANE,,,,0,0,0,168,0,0,0,,,
1,2,NPU,24,TH6_NIF,4,200000,BACKPLANE,,,,0,0,0,168,0,0,0,,,
1,2,NPU,24,TH6_NIF,5,200000,BACKPLANE,,,,0,0,0,168,0,0,0,,,
1,2,NPU,24,TH6_NIF,6,200000,BACKPLANE,,,,0,0,0,168,0,0,0,,,
1,2,NPU,24,TH6_NIF,7,200000,BACKPLANE,,,,0,0,0,168,0,0,0,,,
1,2,NPU,25,TH6_NIF,0,200000,BACKPLANE,,,,0,0,0,168,0,0,0,,,
1,2,NPU,25,TH6_NIF,1,200000,BACKPLANE,,,,0,0,0,168,0,0,0,,,
1,2,NPU,25,TH6_NIF,2,200000,BACKPLANE,,,,0,0,0,168,0,0,0,,,
1,2,NPU,25,TH6_NIF,3,200000,BACKPLANE,,,,0,0,0,168,0,0,0,,,
1,2,NPU,25,TH6_NIF,4,200000,BACKPLANE,,,,0,0,0,168,0,0,0,,,
1,2,NPU,25,TH6_NIF,5,200000,BACKPLANE,,,,0,0,0,168,0,0,0,,,
1,2,NPU,25,TH6_NIF,6,200000,BACKPLANE,,,,0,0,0,168,0,0,0,,,
1,2,NPU,25,TH6_NIF,7,200000,BACKPLANE,,,,0,0,0,168,0,0,0,,,
1,2,NPU,26,TH6_NIF,0,200000,BACKPLANE,,,,0,0,0,168,0,0,0,,,
1,2,NPU,26,TH6_NIF,1,200000,BACKPLANE,,,,0,0,0,168,0,0,0,,,
1,2,NPU,26,TH6_NIF,2,200000,BACKPLANE,,,,0,0,0,168,0,0,0,,,
1,2,NPU,26,TH6_NIF,3,200000,BACKPLANE,,,,0,0,0,168,0,0,0,,,
1,2,NPU,26,TH6_NIF,4,200000,BACKPLANE,,,,0,0,0,168,0,0,0,,,
1,2,NPU,26,TH6_NIF,5,200000,BACKPLANE,,,,0,0,0,168,0,0,0,,,
1,2,NPU,26,TH6_NIF,6,200000,BACKPLANE,,,,0,0,0,168,0,0,0,,,
1,2,NPU,26,TH6_NIF,7,200000,BACKPLANE,,,,0,0,0,168,0,0,0,,,
1,2,NPU,27,TH6_NIF,0,200000,BACKPLANE,,,,0,0,0,168,0,0,0,,,
1,2,NPU,27,TH6_NIF,1,200000,BACKPLANE,,,,0,0,0,168,0,0,0,,,
1,2,NPU,27,TH6_NIF,2,200000,BACKPLANE,,,,0,0,0,168,0,0,0,,,
1,2,NPU,27,TH6_NIF,3,200000,BACKPLANE,,,,0,0,0,168,0,0,0,,,
1,2,NPU,27,TH6_NIF,4,200000,BACKPLANE,,,,0,0,0,168,0,0,0,,,
1,2,NPU,27,TH6_NIF,5,200000,BACKPLANE,,,,0,0,0,168,0,0,0,,,
1,2,NPU,27,TH6_NIF,6,200000,BACKPLANE,,,,0,0,0,168,0,0,0,,,
1,2,NPU,27,TH6_NIF,7,200000,BACKPLANE,,,,0,0,0,168,0,0,0,,,
1,2,NPU,28,TH6_NIF,0,200000,BACKPLANE,,,,0,0,0,168,0,0,0,,,
1,2,NPU,28,TH6_NIF,1,200000,BACKPLANE,,,,0,0,0,168,0,0,0,,,
1,2,NPU,28,TH6_NIF,2,200000,BACKPLANE,,,,0,0,0,168,0,0,0,,,
1,2,NPU,28,TH6_NIF,3,200000,BACKPLANE,,,,0,0,0,168,0,0,0,,,
1,2,NPU,28,TH6_NIF,4,200000,BACKPLANE,,,,0,0,0,168,0,0,0,,,
1,2,NPU,28,TH6_NIF,5,200000,BACKPLANE,,,,0,0,0,168,0,0,0,,,
1,2,NPU,28,TH6_NIF,6,200000,BACKPLANE,,,,0,0,0,168,0,0,0,,,
1,2,NPU,28,TH6_NIF,7,200000,BACKPLANE,,,,0,0,0,168,0,0,0,,,
1,2,NPU,29,TH6_NIF,0,200000,BACKPLANE,,,,0,0,0,168,0,0,0,,,
1,2,NPU,29,TH6_NIF,1,200000,BACKPLANE,,,,0,0,0,168,0,0,0,,,
1,2,NPU,29,TH6_NIF,2,200000,BACKPLANE,,,,0,0,0,168,0,0,0,,,
1,2,NPU,29,TH6_NIF,3,200000,BACKPLANE,,,,0,0,0,168,0,0,0,,,
1,2,NPU,29,TH6_NIF,4,200000,BACKPLANE,,,,0,0,0,168,0,0,0,,,
1,2,NPU,29,TH6_NIF,5,200000,BACKPLANE,,,,0,0,0,168,0,0,0,,,
1,2,NPU,29,TH6_NIF,6,200000,BACKPLANE,,,,0,0,0,168,0,0,0,,,
1,2,NPU,29,TH6_NIF,7,200000,BACKPLANE,,,,0,0,0,168,0,0,0,,,
1,2,NPU,30,TH6_NIF,0,200000,BACKPLANE,,,,0,0,0,168,0,0,0,,,
1,2,NPU,30,TH6_NIF,1,200000,BACKPLANE,,,,0,0,0,168,0,0,0,,,
1,2,NPU,30,TH6_NIF,2,200000,BACKPLANE,,,,0,0,0,168,0,0,0,,,
1,2,NPU,30,TH6_NIF,3,200000,BACKPLANE,,,,0,0,0,168,0,0,0,,,
1,2,NPU,30,TH6_NIF,4,200000,BACKPLANE,,,,0,0,0,168,0,0,0,,,
1,2,NPU,30,TH6_NIF,5,200000,BACKPLANE,,,,0,0,0,168,0,0,0,,,
1,2,NPU,30,TH6_NIF,6,200000,BACKPLANE,,,,0,0,0,168,0,0,0,,,
1,2,NPU,30,TH6_NIF,7,200000,BACKPLANE,,,,0,0,0,168,0,0,0,,,
1,2,NPU,31,TH6_NIF,0,200000,BACKPLANE,,,,0,0,0,168,0,0,0,,,
1,2,NPU,31,TH6_NIF,1,200000,BACKPLANE,,,,0,0,0,168,0,0,0,,,
1,2,NPU,31,TH6_NIF,2,200000,BACKPLANE,,,,0,0,0,168,0,0,0,,,
1,2,NPU,31,TH6_NIF,3,200000,BACKPLANE,,,,0,0,0,168,0,0,0,,,
1,2,NPU,31,TH6_NIF,4,200000,BACKPLANE,,,,0,0,0,168,0,0,0,,,
1,2,NPU,31,TH6_NIF,5,200000,BACKPLANE,,,,0,0,0,168,0,0,0,,,
1,2,NPU,31,TH6_NIF,6,200000,BACKPLANE,,,,0,0,0,168,0,0,0,,,
1,2,NPU,31,TH6_NIF,7,200000,BACKPLANE,,,,0,0,0,168,0,0,0,,,
1,2,NPU,32,TH6_NIF,0,200000,BACKPLANE,,,,0,0,0,168,0,0,0,,,
1,2,NPU,32,TH6_NIF,1,200000,BACKPLANE,,,,0,0,0,168,0,0,0,,,
1,2,NPU,32,TH6_NIF,2,200000,BACKPLANE,,,,0,0,0,168,0,0,0,,,
1,2,NPU,32,TH6_NIF,3,200000,BACKPLANE,,,,0,0,0,168,0,0,0,,,
1,2,NPU,32,TH6_NIF,4,200000,BACKPLANE,,,,0,0,0,168,0,0,0,,,
1,2,NPU,32,TH6_NIF,5,200000,BACKPLANE,,,,0,0,0,168,0,0,0,,,
1,2,NPU,32,TH6_NIF,6,200000,BACKPLANE,,,,0,0,0,168,0,0,0,,,
1,2,NPU,32,TH6_NIF,7,200000,BACKPLANE,,,,0,0,0,168,0,0,0,,,
1,2,NPU,33,TH6_NIF,0,200000,BACKPLANE,,,,0,0,0,168,0,0,0,,,
1,2,NPU,33,TH6_NIF,1,200000,BACKPLANE,,,,0,0,0,168,0,0,0,,,
1,2,NPU,33,TH6_NIF,2,200000,BACKPLANE,,,,0,0,0,168,0,0,0,,,
1,2,NPU,33,TH6_NIF,3,200000,BACKPLANE,,,,0,0,0,168,0,0,0,,,
1,2,NPU,33,TH6_NIF,4,200000,BACKPLANE,,,,0,0,0,168,0,0,0,,,
1,2,NPU,33,TH6_NIF,5,200000,BACKPLANE,,,,0,0,0,168,0,0,0,,,
1,2,NPU,33,TH6_NIF,6,200000,BACKPLANE,,,,0,0,0,168,0,0,0,,,
1,2,NPU,33,TH6_NIF,7,200000,BACKPLANE,,,,0,0,0,168,0,0,0,,,
1,2,NPU,34,TH6_NIF,0,200000,BACKPLANE,,,,0,0,0,168,0,0,0,,,
1,2,NPU,34,TH6_NIF,1,200000,BACKPLANE,,,,0,0,0,168,0,0,0,,,
1,2,NPU,34,TH6_NIF,2,200000,BACKPLANE,,,,0,0,0,168,0,0,0,,,
1,2,NPU,34,TH6_NIF,3,200000,BACKPLANE,,,,0,0,0,168,0,0,0,,,
1,2,NPU,34,TH6_NIF,4,200000,BACKPLANE,,,,0,0,0,168,0,0,0,,,
1,2,NPU,34,TH6_NIF,5,200000,BACKPLANE,,,,0,0,0,168,0,0,0,,,
1,2,NPU,34,TH6_NIF,6,200000,BACKPLANE,,,,0,0,0,168,0,0,0,,,
1,2,NPU,34,TH6_NIF,7,200000,BACKPLANE,,,,0,0,0,168,0,0,0,,,
1,2,NPU,35,TH6_NIF,0,200000,BACKPLANE,,,,0,0,0,168,0,0,0,,,
1,2,NPU,35,TH6_NIF,1,200000,BACKPLANE,,,,0,0,0,168,0,0,0,,,
1,2,NPU,35,TH6_NIF,2,200000,BACKPLANE,,,,0,0,0,168,0,0,0,,,
1,2,NPU,35,TH6_NIF,3,200000,BACKPLANE,,,,0,0,0,168,0,0,0,,,
1,2,NPU,35,TH6_NIF,4,200000,BACKPLANE,,,,0,0,0,168,0,0,0,,,
1,2,NPU,35,TH6_NIF,5,200000,BACKPLANE,,,,0,0,0,168,0,0,0,,,
1,2,NPU,35,TH6_NIF,6,200000,BACKPLANE,,,,0,0,0,168,0,0,0,,,
1,2,NPU,35,TH6_NIF,7,200000,BACKPLANE,,,,0,0,0,168,0,0,0,,,
1,2,NPU,36,TH6_NIF,0,200000,BACKPLANE,,,,0,0,0,168,0,0,0,,,
1,2,NPU,36,TH6_NIF,1,200000,BACKPLANE,,,,0,0,0,168,0,0,0,,,
1,2,NPU,36,TH6_NIF,2,200000,BACKPLANE,,,,0,0,0,168,0,0,0,,,
1,2,NPU,36,TH6_NIF,3,200000,BACKPLANE,,,,0,0,0,168,0,0,0,,,
1,2,NPU,36,TH6_NIF,4,200000,BACKPLANE,,,,0,0,0,168,0,0,0,,,
1,2,NPU,36,TH6_NIF,5,200000,BACKPLANE,,,,0,0,0,168,0,0,0,,,
1,2,NPU,36,TH6_NIF,6,200000,BACKPLANE,,,,0,0,0,168,0,0,0,,,
1,2,NPU,36,TH6_NIF,7,200000,BACKPLANE,,,,0,0,0,168,0,0,0,,,
1,2,NPU,37,TH6_NIF,0,200000,BACKPLANE,,,,0,0,0,168,0,0,0,,,
1,2,NPU,37,TH6_NIF,1,200000,BACKPLANE,,,,0,0,0,168,0,0,0,,,
1,2,NPU,37,TH6_NIF,2,200000,BACKPLANE,,,,0,0,0,168,0,0,0,,,
1,2,NPU,37,TH6_NIF,3,200000,BACKPLANE,,,,0,0,0,168,0,0,0,,,
1,2,NPU,37,TH6_NIF,4,200000,BACKPLANE,,,,0,0,0,168,0,0,0,,,
1,2,NPU,37,TH6_NIF,5,200000,BACKPLANE,,,,0,0,0,168,0,0,0,,,
1,2,NPU,37,TH6_NIF,6,200000,BACKPLANE,,,,0,0,0,168,0,0,0,,,
1,2,NPU,37,TH6_NIF,7,200000,BACKPLANE,,,,0,0,0,168,0,0,0,,,
1,2,NPU,38,TH6_NIF,0,200000,BACKPLANE,,,,0,0,0,168,0,0,0,,,
1,2,NPU,38,TH6_NIF,1,200000,BACKPLANE,,,,0,0,0,168,0,0,0,,,
1,2,NPU,38,TH6_NIF,2,200000,BACKPLANE,,,,0,0,0,168,0,0,0,,,
1,2,NPU,38,TH6_NIF,3,200000,BACKPLANE,,,,0,0,0,168,0,0,0,,,
1,2,NPU,38,TH6_NIF,4,200000,BACKPLANE,,,,0,0,0,168,0,0,0,,,
1,2,NPU,38,TH6_NIF,5,200000,BACKPLANE,,,,0,0,0,168,0,0,0,,,
1,2,NPU,38,TH6_NIF,6,200000,BACKPLANE,,,,0,0,0,168,0,0,0,,,
1,2,NPU,38,TH6_NIF,7,200000,BACKPLANE,,,,0,0,0,168,0,0,0,,,
1,2,NPU,39,TH6_NIF,0,200000,BACKPLANE,,,,0,0,0,168,0,0,0,,,
1,2,NPU,39,TH6_NIF,1,200000,BACKPLANE,,,,0,0,0,168,0,0,0,,,
1,2,NPU,39,TH6_NIF,2,200000,BACKPLANE,,,,0,0,0,168,0,0,0,,,
1,2,NPU,39,TH6_NIF,3,200000,BACKPLANE,,,,0,0,0,168,0,0,0,,,
1,2,NPU,39,TH6_NIF,4,200000,BACKPLANE,,,,0,0,0,168,0,0,0,,,
1,2,NPU,39,TH6_NIF,5,200000,BACKPLANE,,,,0,0,0,168,0,0,0,,,
1,2,NPU,39,TH6_NIF,6,200000,BACKPLANE,,,,0,0,0,168,0,0,0,,,
1,2,NPU,39,TH6_NIF,7,200000,BACKPLANE,,,,0,0,0,168,0,0,0,,,
1,2,NPU,40,TH6_NIF,0,200000,BACKPLANE,,,,0,0,0,168,0,0,0,,,
1,2,NPU,40,TH6_NIF,1,200000,BACKPLANE,,,,0,0,0,168,0,0,0,,,
1,2,NPU,40,TH6_NIF,2,200000,BACKPLANE,,,,0,0,0,168,0,0,0,,,
1,2,NPU,40,TH6_NIF,3,200000,BACKPLANE,,,,0,0,0,168,0,0,0,,,
1,2,NPU,40,TH6_NIF,4,200000,BACKPLANE,,,,0,0,0,168,0,0,0,,,
1,2,NPU,40,TH6_NIF,5,200000,BACKPLANE,,,,0,0,0,168,0,0,0,,,
1,2,NPU,40,TH6_NIF,6,200000,BACKPLANE,,,,0,0,0,168,0,0,0,,,
1,2,NPU,40,TH6_NIF,7,200000,BACKPLANE,,,,0,0,0,168,0,0,0,,,
1,2,NPU,41,TH6_NIF,0,200000,BACKPLANE,,,,0,0,0,168,0,0,0,,,
1,2,NPU,41,TH6_NIF,1,200000,BACKPLANE,,,,0,0,0,168,0,0,0,,,
1,2,NPU,41,TH6_NIF,2,200000,BACKPLANE,,,,0,0,0,168,0,0,0,,,
1,2,NPU,41,TH6_NIF,3,200000,BACKPLANE,,,,0,0,0,168,0,0,0,,,
1,2,NPU,41,TH6_NIF,4,200000,BACKPLANE,,,,0,0,0,168,0,0,0,,,
1,2,NPU,41,TH6_NIF,5,200000,BACKPLANE,,,,0,0,0,168,0,0,0,,,
1,2,NPU,41,TH6_NIF,6,200000,BACKPLANE,,,,0,0,0,168,0,0,0,,,
1,2,NPU,41,TH6_NIF,7,200000,BACKPLANE,,,,0,0,0,168,0,0,0,,,
1,2,NPU,42,TH6_NIF,0,200000,BACKPLANE,,,,0,0,0,168,0,0,0,,,
1,2,NPU,42,TH6_NIF,1,200000,BACKPLANE,,,,0,0,0,168,0,0,0,,,
1,2,NPU,42,TH6_NIF,2,200000,BACKPLANE,,,,0,0,0,168,0,0,0,,,
1,2,NPU,42,TH6_NIF,3,200000,BACKPLANE,,,,0,0,0,168,0,0,0,,,
1,2,NPU,42,TH6_NIF,4,200000,BACKPLANE,,,,0,0,0,168,0,0,0,,,
1,2,NPU,42,TH6_NIF,5,200000,BACKPLANE,,,,0,0,0,168,0,0,0,,,
1,2,NPU,42,TH6_NIF,6,200000,BACKPLANE,,,,0,0,0,168,0,0,0,,,
1,2,NPU,42,TH6_NIF,7,200000,BACKPLANE,,,,0,0,0,168,0,0,0,,,
1,2,NPU,43,TH6_NIF,0,200000,BACKPLANE,,,,0,0,0,168,0,0,0,,,
1,2,NPU,43,TH6_NIF,1,200000,BACKPLANE,,,,0,0,0,168,0,0,0,,,
1,2,NPU,43,TH6_NIF,2,200000,BACKPLANE,,,,0,0,0,168,0,0,0,,,
1,2,NPU,43,TH6_NIF,3,200000,BACKPLANE,,,,0,0,0,168,0,0,0,,,
1,2,NPU,43,TH6_NIF,4,200000,BACKPLANE,,,,0,0,0,168,0,0,0,,,
1,2,NPU,43,TH6_NIF,5,200000,BACKPLANE,,,,0,0,0,168,0,0,0,,,
1,2,NPU,43,TH6_NIF,6,200000,BACKPLANE,,,,0,0,0,168,0,0,0,,,
1,2,NPU,43,TH6_NIF,7,200000,BACKPLANE,,,,0,0,0,168,0,0,0,,,
1,2,NPU,44,TH6_NIF,0,200000,BACKPLANE,,,,0,0,0,168,0,0,0,,,
1,2,NPU,44,TH6_NIF,1,200000,BACKPLANE,,,,0,0,0,168,0,0,0,,,
1,2,NPU,44,TH6_NIF,2,200000,BACKPLANE,,,,0,0,0,168,0,0,0,,,
1,2,NPU,44,TH6_NIF,3,200000,BACKPLANE,,,,0,0,0,168,0,0,0,,,
1,2,NPU,44,TH6_NIF,4,200000,BACKPLANE,,,,0,0,0,168,0,0,0,,,
1,2,NPU,44,TH6_NIF,5,200000,BACKPLANE,,,,0,0,0,168,0,0,0,,,
1,2,NPU,44,TH6_NIF,6,200000,BACKPLANE,,,,0,0,0,168,0,0,0,,,
1,2,NPU,44,TH6_NIF,7,200000,BACKPLANE,,,,0,0,0,168,0,0,0,,,
1,2,NPU,45,TH6_NIF,0,200000,BACKPLANE,,,,0,0,0,168,0,0,0,,,
1,2,NPU,45,TH6_NIF,1,200000,BACKPLANE,,,,0,0,0,168,0,0,0,,,
1,2,NPU,45,TH6_NIF,2,200000,BACKPLANE,,,,0,0,0,168,0,0,0,,,
1,2,NPU,45,TH6_NIF,3,200000,BACKPLANE,,,,0,0,0,168,0,0,0,,,
1,2,NPU,45,TH6_NIF,4,200000,BACKPLANE,,,,0,0,0,168,0,0,0,,,
1,2,NPU,45,TH6_NIF,5,200000,BACKPLANE,,,,0,0,0,168,0,0,0,,,
1,2,NPU,45,TH6_NIF,6,200000,BACKPLANE,,,,0,0,0,168,0,0,0,,,
1,2,NPU,45,TH6_NIF,7,200000,BACKPLANE,,,,0,0,0,168,0,0,0,,,
1,2,NPU,46,TH6_NIF,0,200000,BACKPLANE,,,,0,0,0,168,0,0,0,,,
1,2,NPU,46,TH6_NIF,1,200000,BACKPLANE,,,,0,0,0,168,0,0,0,,,
1,2,NPU,46,TH6_NIF,2,200000,BACKPLANE,,,,0,0,0,168,0,0,0,,,
1,2,NPU,46,TH6_NIF,3,200000,BACKPLANE,,,,0,0,0,168,0,0,0,,,
1,2,NPU,46,TH6_NIF,4,200000,BACKPLANE,,,,0,0,0,168,0,0,0,,,
1,2,NPU,46,TH6_NIF,5,200000,BACKPLANE,,,,0,0,0,168,0,0,0,,,
1,2,NPU,46,TH6_NIF,6,200000,BACKPLANE,,,,0,0,0,168,0,0,0,,,
1,2,NPU,46,TH6_NIF,7,200000,BACKPLANE,,,,0,0,0,168,0,0,0,,,
1,2,NPU,47,TH6_NIF,0,200000,BACKPLANE,,,,0,0,0,168,0,0,0,,,
1,2,NPU,47,TH6_NIF,1,200000,BACKPLANE,,,,0,0,0,168,0,0,0,,,
1,2,NPU,47,TH6_NIF,2,200000,BACKPLANE,,,,0,0,0,168,0,0,0,,,
1,2,NPU,47,TH6_NIF,3,200000,BACKPLANE,,,,0,0,0,168,0,0,0,,,
1,2,NPU,47,TH6_NIF,4,200000,BACKPLANE,,,,0,0,0,168,0,0,0,,,
1,2,NPU,47,TH6_NIF,5,200000,BACKPLANE,,,,0,0,0,168,0,0,0,,,
1,2,NPU,47,TH6_NIF,6,200000,BACKPLANE,,,,0,0,0,168,0,0,0,,,
1,2,NPU,47,TH6_NIF,7,200000,BACKPLANE,,,,0,0,0,168,0,0,0,,,
1,2,NPU,48,TH6_NIF,0,200000,BACKPLANE,,,,0,0,0,168,0,0,0,,,
1,2,NPU,48,TH6_NIF,1,200000,BACKPLANE,,,,0,0,0,168,0,0,0,,,
1,2,NPU,48,TH6_NIF,2,200000,BACKPLANE,,,,0,0,0,168,0,0,0,,,
1,2,NPU,48,TH6_NIF,3,200000,BACKPLANE,,,,0,0,0,168,0,0,0,,,
1,2,NPU,48,TH6_NIF,4,200000,BACKPLANE,,,,0,0,0,168,0,0,0,,,
1,2,NPU,48,TH6_NIF,5,200000,BACKPLANE,,,,0,0,0,168,0,0,0,,,
1,2,NPU,48,TH6_NIF,6,200000,BACKPLANE,,,,0,0,0,168,0,0,0,,,
1,2,NPU,48,TH6_NIF,7,200000,BACKPLANE,,,,0,0,0,168,0,0,0,,,
1,2,NPU,49,TH6_NIF,0,200000,BACKPLANE,,,,0,0,0,168,0,0,0,,,
1,2,NPU,49,TH6_NIF,1,200000,BACKPLANE,,,,0,0,0,168,0,0,0,,,
1,2,NPU,49,TH6_NIF,2,200000,BACKPLANE,,,,0,0,0,168,0,0,0,,,
1,2,NPU,49,TH6_NIF,3,200000,BACKPLANE,,,,0,0,0,168,0,0,0,,,
1,2,NPU,49,TH6_NIF,4,200000,BACKPLANE,,,,0,0,0,168,0,0,0,,,
1,2,NPU,49,TH6_NIF,5,200000,BACKPLANE,,,,0,0,0,168,0,0,0,,,
1,2,NPU,49,TH6_NIF,6,200000,BACKPLANE,,,,0,0,0,168,0,0,0,,,
1,2,NPU,49,TH6_NIF,7,200000,BACKPLANE,,,,0,0,0,168,0,0,0,,,
1,2,NPU,50,TH6_NIF,0,200000,BACKPLANE,,,,0,0,0,168,0,0,0,,,
1,2,NPU,50,TH6_NIF,1,200000,BACKPLANE,,,,0,0,0,168,0,0,0,,,
1,2,NPU,50,TH6_NIF,2,200000,BACKPLANE,,,,0,0,0,168,0,0,0,,,
1,2,NPU,50,TH6_NIF,3,200000,BACKPLANE,,,,0,0,0,168,0,0,0,,,
1,2,NPU,50,TH6_NIF,4,200000,BACKPLANE,,,,0,0,0,168,0,0,0,,,
1,2,NPU,50,TH6_NIF,5,200000,BACKPLANE,,,,0,0,0,168,0,0,0,,,
1,2,NPU,50,TH6_NIF,6,200000,BACKPLANE,,,,0,0,0,168,0,0,0,,,
1,2,NPU,50,TH6_NIF,7,200000,BACKPLANE,,,,0,0,0,168,0,0,0,,,
1,2,NPU,51,TH6_NIF,0,200000,BACKPLANE,,,,0,0,0,168,0,0,0,,,
1,2,NPU,51,TH6_NIF,1,200000,BACKPLANE,,,,0,0,0,168,0,0,0,,,
1,2,NPU,51,TH6_NIF,2,200000,BACKPLANE,,,,0,0,0,168,0,0,0,,,
1,2,NPU,51,TH6_NIF,3,200000,BACKPLANE,,,,0,0,0,168,0,0,0,,,
1,2,NPU,51,TH6_NIF,4,200000,BACKPLANE,,,,0,0,0,168,0,0,0,,,
1,2,NPU,51,TH6_NIF,5,200000,BACKPLANE,,,,0,0,0,168,0,0,0,,,
1,2,NPU,51,TH6_NIF,6,200000,BACKPLANE,,,,0,0,0,168,0,0,0,,,
1,2,NPU,51,TH6_NIF,7,200000,BACKPLANE,,,,0,0,0,168,0,0,0,,,
1,2,NPU,52,TH6_NIF,0,200000,BACKPLANE,,,,0,0,0,168,0,0,0,,,
1,2,NPU,52,TH6_NIF,1,200000,BACKPLANE,,,,0,0,0,168,0,0,0,,,
1,2,NPU,52,TH6_NIF,2,200000,BACKPLANE,,,,0,0,0,168,0,0,0,,,
1,2,NPU,52,TH6_NIF,3,200000,BACKPLANE,,,,0,0,0,168,0,0,0,,,
1,2,NPU,52,TH6_NIF,4,200000,BACKPLANE,,,,0,0,0,168,0,0,0,,,
1,2,NPU,52,TH6_NIF,5,200000,BACKPLANE,,,,0,0,0,168,0,0,0,,,
1,2,NPU,52,TH6_NIF,6,200000,BACKPLANE,,,,0,0,0,168,0,0,0,,,
1,2,NPU,52,TH6_NIF,7,200000,BACKPLANE,,,,0,0,0,168,0,0,0,,,
1,2,NPU,53,TH6_NIF,0,200000,BACKPLANE,,,,0,0,0,168,0,0,0,,,
1,2,NPU,53,TH6_NIF,1,200000,BACKPLANE,,,,0,0,0,168,0,0,0,,,
1,2,NPU,53,TH6_NIF,2,200000,BACKPLANE,,,,0,0,0,168,0,0,0,,,
1,2,NPU,53,TH6_NIF,3,200000,BACKPLANE,,,,0,0,0,168,0,0,0,,,
1,2,NPU,53,TH6_NIF,4,200000,BACKPLANE,,,,0,0,0,168,0,0,0,,,
1,2,NPU,53,TH6_NIF,5,200000,BACKPLANE,,,,0,0,0,168,0,0,0,,,
1,2,NPU,53,TH6_NIF,6,200000,BACKPLANE,,,,0,0,0,168,0,0,0,,,
1,2,NPU,53,TH6_NIF,7,200000,BACKPLANE,,,,0,0,0,168,0,0,0,,,
1,2,NPU,54,TH6_NIF,0,200000,BACKPLANE,,,,0,0,0,168,0,0,0,,,
1,2,NPU,54,TH6_NIF,1,200000,BACKPLANE,,,,0,0,0,168,0,0,0,,,
1,2,NPU,54,TH6_NIF,2,200000,BACKPLANE,,,,0,0,0,168,0,0,0,,,
1,2,NPU,54,TH6_NIF,3,200000,BACKPLANE,,,,0,0,0,168,0,0,0,,,
1,2,NPU,54,TH6_NIF,4,200000,BACKPLANE,,,,0,0,0,168,0,0,0,,,
1,2,NPU,54,TH6_NIF,5,200000,BACKPLANE,,,,0,0,0,168,0,0,0,,,
1,2,NPU,54,TH6_NIF,6,200000,BACKPLANE,,,,0,0,0,168,0,0,0,,,
1,2,NPU,54,TH6_NIF,7,200000,BACKPLANE,,,,0,0,0,168,0,0,0,,,
1,2,NPU,55,TH6_NIF,0,200000,BACKPLANE,,,,0,0,0,168,0,0,0,,,
1,2,NPU,55,TH6_NIF,1,200000,BACKPLANE,,,,0,0,0,168,0,0,0,,,
1,2,NPU,55,TH6_NIF,2,200000,BACKPLANE,,,,0,0,0,168,0,0,0,,,
1,2,NPU,55,TH6_NIF,3,200000,BACKPLANE,,,,0,0,0,168,0,0,0,,,
1,2,NPU,55,TH6_NIF,4,200000,BACKPLANE,,,,0,0,0,168,0,0,0,,,
1,2,NPU,55,TH6_NIF,5,200000,BACKPLANE,,,,0,0,0,168,0,0,0,,,
1,2,NPU,55,TH6_NIF,6,200000,BACKPLANE,,,,0,0,0,168,0,0,0,,,
1,2,NPU,55,TH6_NIF,7,200000,BACKPLANE,,,,0,0,0,168,0,0,0,,,
1,2,NPU,56,TH6_NIF,0,200000,BACKPLANE,,,,0,0,0,168,0,0,0,,,
1,2,NPU,56,TH6_NIF,1,200000,BACKPLANE,,,,0,0,0,168,0,0,0,,,
1,2,NPU,56,TH6_NIF,2,200000,BACKPLANE,,,,0,0,0,168,0,0,0,,,
1,2,NPU,56,TH6_NIF,3,200000,BACKPLANE,,,,0,0,0,168,0,0,0,,,
1,2,NPU,56,TH6_NIF,4,200000,BACKPLANE,,,,0,0,0,168,0,0,0,,,
1,2,NPU,56,TH6_NIF,5,200000,BACKPLANE,,,,0,0,0,168,0,0,0,,,
1,2,NPU,56,TH6_NIF,6,200000,BACKPLANE,,,,0,0,0,168,0,0,0,,,
1,2,NPU,56,TH6_NIF,7,200000,BACKPLANE,,,,0,0,0,168,0,0,0,,,
1,2,NPU,57,TH6_NIF,0,200000,BACKPLANE,,,,0,0,0,168,0,0,0,,,
1,2,NPU,57,TH6_NIF,1,200000,BACKPLANE,,,,0,0,0,168,0,0,0,,,
1,2,NPU,57,TH6_NIF,2,200000,BACKPLANE,,,,0,0,0,168,0,0,0,,,
1,2,NPU,57,TH6_NIF,3,200000,BACKPLANE,,,,0,0,0,168,0,0,0,,,
1,2,NPU,57,TH6_NIF,4,200000,BACKPLANE,,,,0,0,0,168,0,0,0,,,
1,2,NPU,57,TH6_NIF,5,200000,BACKPLANE,,,,0,0,0,168,0,0,0,,,
1,2,NPU,57,TH6_NIF,6,200000,BACKPLANE,,,,0,0,0,168,0,0,0,,,
1,2,NPU,57,TH6_NIF,7,200000,BACKPLANE,,,,0,0,0,168,0,0,0,,,
1,2,NPU,58,TH6_NIF,0,200000,BACKPLANE,,,,0,0,0,168,0,0,0,,,
1,2,NPU,58,TH6_NIF,1,200000,BACKPLANE,,,,0,0,0,168,0,0,0,,,
1,2,NPU,58,TH6_NIF,2,200000,BACKPLANE,,,,0,0,0,168,0,0,0,,,
1,2,NPU,58,TH6_NIF,3,200000,BACKPLANE,,,,0,0,0,168,0,0,0,,,
1,2,NPU,58,TH6_NIF,4,200000,BACKPLANE,,,,0,0,0,168,0,0,0,,,
1,2,NPU,58,TH6_NIF,5,200000,BACKPLANE,,,,0,0,0,168,0,0,0,,,
1,2,NPU,58,TH6_NIF,6,200000,BACKPLANE,,,,0,0,0,168,0,0,0,,,
1,2,NPU,58,TH6_NIF,7,200000,BACKPLANE,,,,0,0,0,168,0,0,0,,,
1,2,NPU,59,TH6_NIF,0,200000,BACKPLANE,,,,0,0,0,168,0,0,0,,,
1,2,NPU,59,TH6_NIF,1,200000,BACKPLANE,,,,0,0,0,168,0,0,0,,,
1,2,NPU,59,TH6_NIF,2,200000,BACKPLANE,,,,0,0,0,168,0,0,0,,,
1,2,NPU,59,TH6_NIF,3,200000,BACKPLANE,,,,0,0,0,168,0,0,0,,,
1,2,NPU,59,TH6_NIF,4,200000,BACKPLANE,,,,0,0,0,168,0,0,0,,,
1,2,NPU,59,TH6_NIF,5,200000,BACKPLANE,,,,0,0,0,168,0,0,0,,,
1,2,NPU,59,TH6_NIF,6,200000,BACKPLANE,,,,0,0,0,168,0,0,0,,,
1,2,NPU,59,TH6_NIF,7,200000,BACKPLANE,,,,0,0,0,168,0,0,0,,,
1,2,NPU,60,TH6_NIF,0,200000,BACKPLANE,,,,0,0,0,168,0,0,0,,,
1,2,NPU,60,TH6_NIF,1,200000,BACKPLANE,,,,0,0,0,168,0,0,0,,,
1,2,NPU,60,TH6_NIF,2,200000,BACKPLANE,,,,0,0,0,168,0,0,0,,,
1,2,NPU,60,TH6_NIF,3,200000,BACKPLANE,,,,0,0,0,168,0,0,0,,,
1,2,NPU,60,TH6_NIF,4,200000,BACKPLANE,,,,0,0,0,168,0,0,0,,,
1,2,NPU,60,TH6_NIF,5,200000,BACKPLANE,,,,0,0,0,168,0,0,0,,,
1,2,NPU,60,TH6_NIF,6,200000,BACKPLANE,,,,0,0,0,168,0,0,0,,,
1,2,NPU,60,TH6_NIF,7,200000,BACKPLANE,,,,0,0,0,168,0,0,0,,,
1,2,NPU,61,TH6_NIF,0,200000,BACKPLANE,,,,0,0,0,168,0,0,0,,,
1,2,NPU,61,TH6_NIF,1,200000,BACKPLANE,,,,0,0,0,168,0,0,0,,,
1,2,NPU,61,TH6_NIF,2,200000,BACKPLANE,,,,0,0,0,168,0,0,0,,,
1,2,NPU,61,TH6_NIF,3,200000,BACKPLANE,,,,0,0,0,168,0,0,0,,,
1,2,NPU,61,TH6_NIF,4,200000,BACKPLANE,,,,0,0,0,168,0,0,0,,,
1,2,NPU,61,TH6_NIF,5,200000,BACKPLANE,,,,0,0,0,168,0,0,0,,,
1,2,NPU,61,TH6_NIF,6,200000,BACKPLANE,,,,0,0,0,168,0,0,0,,,
1,2,NPU,61,TH6_NIF,7,200000,BACKPLANE,,,,0,0,0,168,0,0,0,,,
1,2,NPU,62,TH6_NIF,0,200000,BACKPLANE,,,,0,0,0,168,0,0,0,,,
1,2,NPU,62,TH6_NIF,1,200000,BACKPLANE,,,,0,0,0,168,0,0,0,,,
1,2,NPU,62,TH6_NIF,2,200000,BACKPLANE,,,,0,0,0,168,0,0,0,,,
1,2,NPU,62,TH6_NIF,3,200000,BACKPLANE,,,,0,0,0,168,0,0,0,,,
1,2,NPU,62,TH6_NIF,4,200000,BACKPLANE,,,,0,0,0,168,0,0,0,,,
1,2,NPU,62,TH6_NIF,5,200000,BACKPLANE,,,,0,0,0,168,0,0,0,,,
1,2,NPU,62,TH6_NIF,6,200000,BACKPLANE,,,,0,0,0,168,0,0,0,,,
1,2,NPU,62,TH6_NIF,7,200000,BACKPLANE,,,,0,0,0,168,0,0,0,,,
1,2,NPU,63,TH6_NIF,0,200000,BACKPLANE,,,,0,0,0,168,0,0,0,,,
1,2,NPU,63,TH6_NIF,1,200000,BACKPLANE,,,,0,0,0,168,0,0,0,,,
1,2,NPU,63,TH6_NIF,2,200000,BACKPLANE,,,,0,0,0,168,0,0,0,,,
1,2,NPU,63,TH6_NIF,3,200000,BACKPLANE,,,,0,0,0,168,0,0,0,,,
1,2,NPU,63,TH6_NIF,4,200000,BACKPLANE,,,,0,0,0,168,0,0,0,,,
1,2,NPU,63,TH6_NIF,5,200000,BACKPLANE,,,,0,0,0,168,0,0,0,,,
1,2,NPU,63,TH6_NIF,6,200000,BACKPLANE,,,,0,0,0,168,0,0,0,,,
1,2,NPU,63,TH6_NIF,7,200000,BACKPLANE,,,,0,0,0,168,0,0,0,,,
1,2,NPU,64,TH6_NIF,0,25000,COPPER,,,,,,5,31,0,,,,,
1,2,NPU,64,TH6_NIF,1,25000,COPPER,,,,,,5,31,0,,,,,
1,2,NPU,64,TH6_NIF,2,25000,COPPER,,,,,,5,31,0,,,,,
1,2,NPU,64,TH6_NIF,3,25000,COPPER,,,,,,5,31,0,,,,,
1,2,NPU,64,TH6_NIF,0,25000,OPTICAL,,,,,,5,31,0,,,,,
1,2,NPU,64,TH6_NIF,1,25000,OPTICAL,,,,,,5,31,0,,,,,
1,2,NPU,64,TH6_NIF,2,25000,OPTICAL,,,,,,5,31,0,,,,,
1,2,NPU,64,TH6_NIF,3,25000,OPTICAL,,,,,,5,31,0,,,,,
1,17,XPHY,0,AGERA3_SYSTEM,0,200000,BACKPLANE,,,,0,0,0,168,0,0,0,,,
1,17,XPHY,0,AGERA3_SYSTEM,1,200000,BACKPLANE,,,,0,0,0,168,0,0,0,,,
1,17,XPHY,0,AGERA3_SYSTEM,2,200000,BACKPLANE,,,,0,0,0,168,0,0,0,,,
1,17,XPHY,0,AGERA3_SYSTEM,3,200000,BACKPLANE,,,,0,0,0,168,0,0,0,,,
1,17,XPHY,0,AGERA3_SYSTEM,4,200000,BACKPLANE,,,,0,0,0,168,0,0,0,,,
1,17,XPHY,0,AGERA3_SYSTEM,5,200000,BACKPLANE,,,,0,0,0,168,0,0,0,,,
1,17,XPHY,0,AGERA3_SYSTEM,6,200000,BACKPLANE,,,,0,0,0,168,0,0,0,,,
1,17,XPHY,0,AGERA3_SYSTEM,7,200000,BACKPLANE,,,,0,0,0,168,0,0,0,,,
1,18,XPHY,0,AGERA3_SYSTEM,0,200000,BACKPLANE,,,,0,0,0,168,0,0,0,,,
1,18,XPHY,0,AGERA3_SYSTEM,1,200000,BACKPLANE,,,,0,0,0,168,0,0,0,,,
1,18,XPHY,0,AGERA3_SYSTEM,2,200000,BACKPLANE,,,,0,0,0,168,0,0,0,,,
1,18,XPHY,0,AGERA3_SYSTEM,3,200000,BACKPLANE,,,,0,0,0,168,0,0,0,,,
1,18,XPHY,0,AGERA3_SYSTEM,4,200000,BACKPLANE,,,,0,0,0,168,0,0,0,,,
1,18,XPHY,0,AGERA3_SYSTEM,5,200000,BACKPLANE,,,,0,0,0,168,0,0,0,,,
1,18,XPHY,0,AGERA3_SYSTEM,6,200000,BACKPLANE,,,,0,0,0,168,0,0,0,,,
1,18,XPHY,0,AGERA3_SYSTEM,7,200000,BACKPLANE,,,,0,0,0,168,0,0,0,,,
1,19,XPHY,0,AGERA3_SYSTEM,0,200000,BACKPLANE,,,,0,0,0,168,0,0,0,,,
1,19,XPHY,0,AGERA3_SYSTEM,1,200000,BACKPLANE,,,,0,0,0,168,0,0,0,,,
1,19,XPHY,0,AGERA3_SYSTEM,2,200000,BACKPLANE,,,,0,0,0,168,0,0,0,,,
1,19,XPHY,0,AGERA3_SYSTEM,3,200000,BACKPLANE,,,,0,0,0,168,0,0,0,,,
1,19,XPHY,0,AGERA3_SYSTEM,4,200000,BACKPLANE,,,,0,0,0,168,0,0,0,,,
1,19,XPHY,0,AGERA3_SYSTEM,5,200000,BACKPLANE,,,,0,0,0,168,0,0,0,,,
1,19,XPHY,0,AGERA3_SYSTEM,6,200000,BACKPLANE,,,,0,0,0,168,0,0,0,,,
1,19,XPHY,0,AGERA3_SYSTEM,7,200000,BACKPLANE,,,,0,0,0,168,0,0,0,,,
1,20,XPHY,0,AGERA3_SYSTEM,0,200000,BACKPLANE,,,,0,0,0,168,0,0,0,,,
1,20,XPHY,0,AGERA3_SYSTEM,1,200000,BACKPLANE,,,,0,0,0,168,0,0,0,,,
1,20,XPHY,0,AGERA3_SYSTEM,2,200000,BACKPLANE,,,,0,0,0,168,0,0,0,,,
1,20,XPHY,0,AGERA3_SYSTEM,3,200000,BACKPLANE,,,,0,0,0,168,0,0,0,,,
1,20,XPHY,0,AGERA3_SYSTEM,4,200000,BACKPLANE,,,,0,0,0,168,0,0,0,,,
1,20,XPHY,0,AGERA3_SYSTEM,5,200000,BACKPLANE,,,,0,0,0,168,0,0,0,,,
1,20,XPHY,0,AGERA3_SYSTEM,6,200000,BACKPLANE,,,,0,0,0,168,0,0,0,,,
1,20,XPHY,0,AGERA3_SYSTEM,7,200000,BACKPLANE,,,,0,0,0,168,0,0,0,,,
1,21,XPHY,0,AGERA3_SYSTEM,0,200000,BACKPLANE,,,,0,0,0,168,0,0,0,,,
1,21,XPHY,0,AGERA3_SYSTEM,1,200000,BACKPLANE,,,,0,0,0,168,0,0,0,,,
1,21,XPHY,0,AGERA3_SYSTEM,2,200000,BACKPLANE,,,,0,0,0,168,0,0,0,,,
1,21,XPHY,0,AGERA3_SYSTEM,3,200000,BACKPLANE,,,,0,0,0,168,0,0,0,,,
1,21,XPHY,0,AGERA3_SYSTEM,4,200000,BACKPLANE,,,,0,0,0,168,0,0,0,,,
1,21,XPHY,0,AGERA3_SYSTEM,5,200000,BACKPLANE,,,,0,0,0,168,0,0,0,,,
1,21,XPHY,0,AGERA3_SYSTEM,6,200000,BACKPLANE,,,,0,0,0,168,0,0,0,,,
1,21,XPHY,0,AGERA3_SYSTEM,7,200000,BACKPLANE,,,,0,0,0,168,0,0,0,,,
1,22,XPHY,0,AGERA3_SYSTEM,0,200000,BACKPLANE,,,,0,0,0,168,0,0,0,,,
1,22,XPHY,0,AGERA3_SYSTEM,1,200000,BACKPLANE,,,,0,0,0,168,0,0,0,,,
1,22,XPHY,0,AGERA3_SYSTEM,2,200000,BACKPLANE,,,,0,0,0,168,0,0,0,,,
1,22,XPHY,0,AGERA3_SYSTEM,3,200000,BACKPLANE,,,,0,0,0,168,0,0,0,,,
1,22,XPHY,0,AGERA3_SYSTEM,4,200000,BACKPLANE,,,,0,0,0,168,0,0,0,,,
1,22,XPHY,0,AGERA3_SYSTEM,5,200000,BACKPLANE,,,,0,0,0,168,0,0,0,,,
1,22,XPHY,0,AGERA3_SYSTEM,6,200000,BACKPLANE,,,,0,0,0,168,0,0,0,,,
1,22,XPHY,0,AGERA3_SYSTEM,7,200000,BACKPLANE,,,,0,0,0,168,0,0,0,,,
1,23,XPHY,0,AGERA3_SYSTEM,0,200000,BACKPLANE,,,,0,0,0,168,0,0,0,,,
1,23,XPHY,0,AGERA3_SYSTEM,1,200000,BACKPLANE,,,,0,0,0,168,0,0,0,,,
1,23,XPHY,0,AGERA3_SYSTEM,2,200000,BACKPLANE,,,,0,0,0,168,0,0,0,,,
1,23,XPHY,0,AGERA3_SYSTEM,3,200000,BACKPLANE,,,,0,0,0,168,0,0,0,,,
1,23,XPHY,0,AGERA3_SYSTEM,4,200000,BACKPLANE,,,,0,0,0,168,0,0,0,,,
1,23,XPHY,0,AGERA3_SYSTEM,5,200000,BACKPLANE,,,,0,0,0,168,0,0,0,,,
1,23,XPHY,0,AGERA3_SYSTEM,6,200000,BACKPLANE,,,,0,0,0,168,0,0,0,,,
1,23,XPHY,0,AGERA3_SYSTEM,7,200000,BACKPLANE,,,,0,0,0,168,0,0,0,,,
1,24,XPHY,0,AGERA3_SYSTEM,0,200000,BACKPLANE,,,,0,0,0,168,0,0,0,,,
1,24,XPHY,0,AGERA3_SYSTEM,1,200000,BACKPLANE,,,,0,0,0,168,0,0,0,,,
1,24,XPHY,0,AGERA3_SYSTEM,2,200000,BACKPLANE,,,,0,0,0,168,0,0,0,,,
1,24,XPHY,0,AGERA3_SYSTEM,3,200000,BACKPLANE,,,,0,0,0,168,0,0,0,,,
1,24,XPHY,0,AGERA3_SYSTEM,4,200000,BACKPLANE,,,,0,0,0,168,0,0,0,,,
1,24,XPHY,0,AGERA3_SYSTEM,5,200000,BACKPLANE,,,,0,0,0,168,0,0,0,,,
1,24,XPHY,0,AGERA3_SYSTEM,6,200000,BACKPLANE,,,,0,0,0,168,0,0,0,,,
1,24,XPHY,0,AGERA3_SYSTEM,7,200000,BACKPLANE,,,,0,0,0,168,0,0,0,,,
1,25,XPHY,0,AGERA3_SYSTEM,0,200000,BACKPLANE,,,,0,0,0,168,0,0,0,,,
1,25,XPHY,0,AGERA3_SYSTEM,1,200000,BACKPLANE,,,,0,0,0,168,0,0,0,,,
1,25,XPHY,0,AGERA3_SYSTEM,2,200000,BACKPLANE,,,,0,0,0,168,0,0,0,,,
1,25,XPHY,0,AGERA3_SYSTEM,3,200000,BACKPLANE,,,,0,0,0,168,0,0,0,,,
1,25,XPHY,0,AGERA3_SYSTEM,4,200000,BACKPLANE,,,,0,0,0,168,0,0,0,,,
1,25,XPHY,0,AGERA3_SYSTEM,5,200000,BACKPLANE,,,,0,0,0,168,0,0,0,,,
1,25,XPHY,0,AGERA3_SYSTEM,6,200000,BACKPLANE,,,,0,0,0,168,0,0,0,,,
1,25,XPHY,0,AGERA3_SYSTEM,7,200000,BACKPLANE,,,,0,0,0,168,0,0,0,,,
1,26,XPHY,0,AGERA3_SYSTEM,0,200000,BACKPLANE,,,,0,0,0,168,0,0,0,,,
1,26,XPHY,0,AGERA3_SYSTEM,1,200000,BACKPLANE,,,,0,0,0,168,0,0,0,,,
1,26,XPHY,0,AGERA3_SYSTEM,2,200000,BACKPLANE,,,,0,0,0,168,0,0,0,,,
1,26,XPHY,0,AGERA3_SYSTEM,3,200000,BACKPLANE,,,,0,0,0,168,0,0,0,,,
1,26,XPHY,0,AGERA3_SYSTEM,4,200000,BACKPLANE,,,,0,0,0,168,0,0,0,,,
1,26,XPHY,0,AGERA3_SYSTEM,5,200000,BACKPLANE,,,,0,0,0,168,0,0,0,,,
1,26,XPHY,0,AGERA3_SYSTEM,6,200000,BACKPLANE,,,,0,0,0,168,0,0,0,,,
1,26,XPHY,0,AGERA3_SYSTEM,7,200000,BACKPLANE,,,,0,0,0,168,0,0,0,,,
1,27,XPHY,0,AGERA3_SYSTEM,0,200000,BACKPLANE,,,,0,0,0,168,0,0,0,,,
1,27,XPHY,0,AGERA3_SYSTEM,1,200000,BACKPLANE,,,,0,0,0,168,0,0,0,,,
1,27,XPHY,0,AGERA3_SYSTEM,2,200000,BACKPLANE,,,,0,0,0,168,0,0,0,,,
1,27,XPHY,0,AGERA3_SYSTEM,3,200000,BACKPLANE,,,,0,0,0,168,0,0,0,,,
1,27,XPHY,0,AGERA3_SYSTEM,4,200000,BACKPLANE,,,,0,0,0,168,0,0,0,,,
1,27,XPHY,0,AGERA3_SYSTEM,5,200000,BACKPLANE,,,,0,0,0,168,0,0,0,,,
1,27,XPHY,0,AGERA3_SYSTEM,6,200000,BACKPLANE,,,,0,0,0,168,0,0,0,,,
1,27,XPHY,0,AGERA3_SYSTEM,7,200000,BACKPLANE,,,,0,0,0,168,0,0,0,,,
1,28,XPHY,0,AGERA3_SYSTEM,0,200000,BACKPLANE,,,,0,0,0,168,0,0,0,,,
1,28,XPHY,0,AGERA3_SYSTEM,1,200000,BACKPLANE,,,,0,0,0,168,0,0,0,,,
1,28,XPHY,0,AGERA3_SYSTEM,2,200000,BACKPLANE,,,,0,0,0,168,0,0,0,,,
1,28,XPHY,0,AGERA3_SYSTEM,3,200000,BACKPLANE,,,,0,0,0,168,0,0,0,,,
1,28,XPHY,0,AGERA3_SYSTEM,4,200000,BACKPLANE,,,,0,0,0,168,0,0,0,,,
1,28,XPHY,0,AGERA3_SYSTEM,5,200000,BACKPLANE,,,,0,0,0,168,0,0,0,,,
1,28,XPHY,0,AGERA3_SYSTEM,6,200000,BACKPLANE,,,,0,0,0,168,0,0,0,,,
1,28,XPHY,0,AGERA3_SYSTEM,7,200000,BACKPLANE,,,,0,0,0,168,0,0,0,,,
1,29,XPHY,0,AGERA3_SYSTEM,0,200000,BACKPLANE,,,,0,0,0,168,0,0,0,,,
1,29,XPHY,0,AGERA3_SYSTEM,1,200000,BACKPLANE,,,,0,0,0,168,0,0,0,,,
1,29,XPHY,0,AGERA3_SYSTEM,2,200000,BACKPLANE,,,,0,0,0,168,0,0,0,,,
1,29,XPHY,0,AGERA3_SYSTEM,3,200000,BACKPLANE,,,,0,0,0,168,0,0,0,,,
1,29,XPHY,0,AGERA3_SYSTEM,4,200000,BACKPLANE,,,,0,0,0,168,0,0,0,,,
1,29,XPHY,0,AGERA3_SYSTEM,5,200000,BACKPLANE,,,,0,0,0,168,0,0,0,,,
1,29,XPHY,0,AGERA3_SYSTEM,6,200000,BACKPLANE,,,,0,0,0,168,0,0,0,,,
1,29,XPHY,0,AGERA3_SYSTEM,7,200000,BACKPLANE,,,,0,0,0,168,0,0,0,,,
1,30,XPHY,0,AGERA3_SYSTEM,0,200000,BACKPLANE,,,,0,0,0,168,0,0,0,,,
1,30,XPHY,0,AGERA3_SYSTEM,1,200000,BACKPLANE,,,,0,0,0,168,0,0,0,,,
1,30,XPHY,0,AGERA3_SYSTEM,2,200000,BACKPLANE,,,,0,0,0,168,0,0,0,,,
1,30,XPHY,0,AGERA3_SYSTEM,3,200000,BACKPLANE,,,,0,0,0,168,0,0,0,,,
1,30,XPHY,0,AGERA3_SYSTEM,4,200000,BACKPLANE,,,,0,0,0,168,0,0,0,,,
1,30,XPHY,0,AGERA3_SYSTEM,5,200000,BACKPLANE,,,,0,0,0,168,0,0,0,,,
1,30,XPHY,0,AGERA3_SYSTEM,6,200000,BACKPLANE,,,,0,0,0,168,0,0,0,,,
1,30,XPHY,0,AGERA3_SYSTEM,7,200000,BACKPLANE,,,,0,0,0,168,0,0,0,,,
1,31,XPHY,0,AGERA3_SYSTEM,0,200000,BACKPLANE,,,,0,0,0,168,0,0,0,,,
1,31,XPHY,0,AGERA3_SYSTEM,1,200000,BACKPLANE,,,,0,0,0,168,0,0,0,,,
1,31,XPHY,0,AGERA3_SYSTEM,2,200000,BACKPLANE,,,,0,0,0,168,0,0,0,,,
1,31,XPHY,0,AGERA3_SYSTEM,3,200000,BACKPLANE,,,,0,0,0,168,0,0,0,,,
1,31,XPHY,0,AGERA3_SYSTEM,4,200000,BACKPLANE,,,,0,0,0,168,0,0,0,,,
1,31,XPHY,0,AGERA3_SYSTEM,5,200000,BACKPLANE,,,,0,0,0,168,0,0,0,,,
1,31,XPHY,0,AGERA3_SYSTEM,6,200000,BACKPLANE,,,,0,0,0,168,0,0,0,,,
1,31,XPHY,0,AGERA3_SYSTEM,7,200000,BACKPLANE,,,,0,0,0,168,0,0,0,,,
1,32,XPHY,0,AGERA3_SYSTEM,0,200000,BACKPLANE,,,,0,0,0,168,0,0,0,,,
1,32,XPHY,0,AGERA3_SYSTEM,1,200000,BACKPLANE,,,,0,0,0,168,0,0,0,,,
1,32,XPHY,0,AGERA3_SYSTEM,2,200000,BACKPLANE,,,,0,0,0,168,0,0,0,,,
1,32,XPHY,0,AGERA3_SYSTEM,3,200000,BACKPLANE,,,,0,0,0,168,0,0,0,,,
1,32,XPHY,0,AGERA3_SYSTEM,4,200000,BACKPLANE,,,,0,0,0,168,0,0,0,,,
1,32,XPHY,0,AGERA3_SYSTEM,5,200000,BACKPLANE,,,,0,0,0,168,0,0,0,,,
1,32,XPHY,0,AGERA3_SYSTEM,6,200000,BACKPLANE,,,,0,0,0,168,0,0,0,,,
1,32,XPHY,0,AGERA3_SYSTEM,7,200000,BACKPLANE,,,,0,0,0,168,0,0,0,,,
1,17,XPHY,0,AGERA3_LINE,0,200000,BACKPLANE,,,,0,0,0,168,0,0,0,,,
1,17,XPHY,0,AGERA3_LINE,1,200000,BACKPLANE,,,,0,0,0,168,0,0,0,,,
1,17,XPHY,0,AGERA3_LINE,2,200000,BACKPLANE,,,,0,0,0,168,0,0,0,,,
1,17,XPHY,0,AGERA3_LINE,3,200000,BACKPLANE,,,,0,0,0,168,0,0,0,,,
1,17,XPHY,0,AGERA3_LINE,4,200000,BACKPLANE,,,,0,0,0,168,0,0,0,,,
1,17,XPHY,0,AGERA3_LINE,5,200000,BACKPLANE,,,,0,0,0,168,0,0,0,,,
1,17,XPHY,0,AGERA3_LINE,6,200000,BACKPLANE,,,,0,0,0,168,0,0,0,,,
1,17,XPHY,0,AGERA3_LINE,7,200000,BACKPLANE,,,,0,0,0,168,0,0,0,,,
1,18,XPHY,0,AGERA3_LINE,0,200000,BACKPLANE,,,,0,0,0,168,0,0,0,,,
1,18,XPHY,0,AGERA3_LINE,1,200000,BACKPLANE,,,,0,0,0,168,0,0,0,,,
1,18,XPHY,0,AGERA3_LINE,2,200000,BACKPLANE,,,,0,0,0,168,0,0,0,,,
1,18,XPHY,0,AGERA3_LINE,3,200000,BACKPLANE,,,,0,0,0,168,0,0,0,,,
1,18,XPHY,0,AGERA3_LINE,4,200000,BACKPLANE,,,,0,0,0,168,0,0,0,,,
1,18,XPHY,0,AGERA3_LINE,5,200000,BACKPLANE,,,,0,0,0,168,0,0,0,,,
1,18,XPHY,0,AGERA3_LINE,6,200000,BACKPLANE,,,,0,0,0,168,0,0,0,,,
1,18,XPHY,0,AGERA3_LINE,7,200000,BACKPLANE,,,,0,0,0,168,0,0,0,,,
1,19,XPHY,0,AGERA3_LINE,0,200000,BACKPLANE,,,,0,0,0,168,0,0,0,,,
1,19,XPHY,0,AGERA3_LINE,1,200000,BACKPLANE,,,,0,0,0,168,0,0,0,,,
1,19,XPHY,0,AGERA3_LINE,2,200000,BACKPLANE,,,,0,0,0,168,0,0,0,,,
1,19,XPHY,0,AGERA3_LINE,3,200000,BACKPLANE,,,,0,0,0,168,0,0,0,,,
1,19,XPHY,0,AGERA3_LINE,4,200000,BACKPLANE,,,,0,0,0,168,0,0,0,,,
1,19,XPHY,0,AGERA3_LINE,5,200000,BACKPLANE,,,,0,0,0,168,0,0,0,,,
1,19,XPHY,0,AGERA3_LINE,6,200000,BACKPLANE,,,,0,0,0,168,0,0,0,,,
1,19,XPHY,0,AGERA3_LINE,7,200000,BACKPLANE,,,,0,0,0,168,0,0,0,,,
1,20,XPHY,0,AGERA3_LINE,0,200000,BACKPLANE,,,,0,0,0,168,0,0,0,,,
1,20,XPHY,0,AGERA3_LINE,1,200000,BACKPLANE,,,,0,0,0,168,0,0,0,,,
1,20,XPHY,0,AGERA3_LINE,2,200000,BACKPLANE,,,,0,0,0,168,0,0,0,,,
1,20,XPHY,0,AGERA3_LINE,3,200000,BACKPLANE,,,,0,0,0,168,0,0,0,,,
1,20,XPHY,0,AGERA3_LINE,4,200000,BACKPLANE,,,,0,0,0,168,0,0,0,,,
1,20,XPHY,0,AGERA3_LINE,5,200000,BACKPLANE,,,,0,0,0,168,0,0,0,,,
1,20,XPHY,0,AGERA3_LINE,6,200000,BACKPLANE,,,,0,0,0,168,0,0,0,,,
1,20,XPHY,0,AGERA3_LINE,7,200000,BACKPLANE,,,,0,0,0,168,0,0,0,,,
1,21,XPHY,0,AGERA3_LINE,0,200000,BACKPLANE,,,,0,0,0,168,0,0,0,,,
1,21,XPHY,0,AGERA3_LINE,1,200000,BACKPLANE,,,,0,0,0,168,0,0,0,,,
1,21,XPHY,0,AGERA3_LINE,2,200000,BACKPLANE,,,,0,0,0,168,0,0,0,,,
1,21,XPHY,0,AGERA3_LINE,3,200000,BACKPLANE,,,,0,0,0,168,0,0,0,,,
1,21,XPHY,0,AGERA3_LINE,4,200000,BACKPLANE,,,,0,0,0,168,0,0,0,,,
1,21,XPHY,0,AGERA3_LINE,5,200000,BACKPLANE,,,,0,0,0,168,0,0,0,,,
1,21,XPHY,0,AGERA3_LINE,6,200000,BACKPLANE,,,,0,0,0,168,0,0,0,,,
1,21,XPHY,0,AGERA3_LINE,7,200000,BACKPLANE,,,,0,0,0,168,0,0,0,,,
1,22,XPHY,0,AGERA3_LINE,0,200000,BACKPLANE,,,,0,0,0,168,0,0,0,,,
1,22,XPHY,0,AGERA3_LINE,1,200000,BACKPLANE,,,,0,0,0,168,0,0,0,,,
1,22,XPHY,0,AGERA3_LINE,2,200000,BACKPLANE,,,,0,0,0,168,0,0,0,,,
1,22,XPHY,0,AGERA3_LINE,3,200000,BACKPLANE,,,,0,0,0,168,0,0,0,,,
1,22,XPHY,0,AGERA3_LINE,4,200000,BACKPLANE,,,,0,0,0,168,0,0,0,,,
1,22,XPHY,0,AGERA3_LINE,5,200000,BACKPLANE,,,,0,0,0,168,0,0,0,,,
1,22,XPHY,0,AGERA3_LINE,6,200000,BACKPLANE,,,,0,0,0,168,0,0,0,,,
1,22,XPHY,0,AGERA3_LINE,7,200000,BACKPLANE,,,,0,0,0,168,0,0,0,,,
1,23,XPHY,0,AGERA3_LINE,0,200000,BACKPLANE,,,,0,0,0,168,0,0,0,,,
1,23,XPHY,0,AGERA3_LINE,1,200000,BACKPLANE,,,,0,0,0,168,0,0,0,,,
1,23,XPHY,0,AGERA3_LINE,2,200000,BACKPLANE,,,,0,0,0,168,0,0,0,,,
1,23,XPHY,0,AGERA3_LINE,3,200000,BACKPLANE,,,,0,0,0,168,0,0,0,,,
1,23,XPHY,0,AGERA3_LINE,4,200000,BACKPLANE,,,,0,0,0,168,0,0,0,,,
1,23,XPHY,0,AGERA3_LINE,5,200000,BACKPLANE,,,,0,0,0,168,0,0,0,,,
1,23,XPHY,0,AGERA3_LINE,6,200000,BACKPLANE,,,,0,0,0,168,0,0,0,,,
1,23,XPHY,0,AGERA3_LINE,7,200000,BACKPLANE,,,,0,0,0,168,0,0,0,,,
1,24,XPHY,0,AGERA3_LINE,0,200000,BACKPLANE,,,,0,0,0,168,0,0,0,,,
1,24,XPHY,0,AGERA3_LINE,1,200000,BACKPLANE,,,,0,0,0,168,0,0,0,,,
1,24,XPHY,0,AGERA3_LINE,2,200000,BACKPLANE,,,,0,0,0,168,0,0,0,,,
1,24,XPHY,0,AGERA3_LINE,3,200000,BACKPLANE,,,,0,0,0,168,0,0,0,,,
1,24,XPHY,0,AGERA3_LINE,4,200000,BACKPLANE,,,,0,0,0,168,0,0,0,,,
1,24,XPHY,0,AGERA3_LINE,5,200000,BACKPLANE,,,,0,0,0,168,0,0,0,,,
1,24,XPHY,0,AGERA3_LINE,6,200000,BACKPLANE,,,,0,0,0,168,0,0,0,,,
1,24,XPHY,0,AGERA3_LINE,7,200000,BACKPLANE,,,,0,0,0,168,0,0,0,,,
1,25,XPHY,0,AGERA3_LINE,0,200000,BACKPLANE,,,,0,0,0,168,0,0,0,,,
1,25,XPHY,0,AGERA3_LINE,1,200000,BACKPLANE,,,,0,0,0,168,0,0,0,,,
1,25,XPHY,0,AGERA3_LINE,2,200000,BACKPLANE,,,,0,0,0,168,0,0,0,,,
1,25,XPHY,0,AGERA3_LINE,3,200000,BACKPLANE,,,,0,0,0,168,0,0,0,,,
1,25,XPHY,0,AGERA3_LINE,4,200000,BACKPLANE,,,,0,0,0,168,0,0,0,,,
1,25,XPHY,0,AGERA3_LINE,5,200000,BACKPLANE,,,,0,0,0,168,0,0,0,,,
1,25,XPHY,0,AGERA3_LINE,6,200000,BACKPLANE,,,,0,0,0,168,0,0,0,,,
1,25,XPHY,0,AGERA3_LINE,7,200000,BACKPLANE,,,,0,0,0,168,0,0,0,,,
1,26,XPHY,0,AGERA3_LINE,0,200000,BACKPLANE,,,,0,0,0,168,0,0,0,,,
1,26,XPHY,0,AGERA3_LINE,1,200000,BACKPLANE,,,,0,0,0,168,0,0,0,,,
1,26,XPHY,0,AGERA3_LINE,2,200000,BACKPLANE,,,,0,0,0,168,0,0,0,,,
1,26,XPHY,0,AGERA3_LINE,3,200000,BACKPLANE,,,,0,0,0,168,0,0,0,,,
1,26,XPHY,0,AGERA3_LINE,4,200000,BACKPLANE,,,,0,0,0,168,0,0,0,,,
1,26,XPHY,0,AGERA3_LINE,5,200000,BACKPLANE,,,,0,0,0,168,0,0,0,,,
1,26,XPHY,0,AGERA3_LINE,6,200000,BACKPLANE,,,,0,0,0,168,0,0,0,,,
1,26,XPHY,0,AGERA3_LINE,7,200000,BACKPLANE,,,,0,0,0,168,0,0,0,,,
1,27,XPHY,0,AGERA3_LINE,0,200000,BACKPLANE,,,,0,0,0,168,0,0,0,,,
1,27,XPHY,0,AGERA3_LINE,1,200000,BACKPLANE,,,,0,0,0,168,0,0,0,,,
1,27,XPHY,0,AGERA3_LINE,2,200000,BACKPLANE,,,,0,0,0,168,0,0,0,,,
1,27,XPHY,0,AGERA3_LINE,3,200000,BACKPLANE,,,,0,0,0,168,0,0,0,,,
1,27,XPHY,0,AGERA3_LINE,4,200000,BACKPLANE,,,,0,0,0,168,0,0,0,,,
1,27,XPHY,0,AGERA3_LINE,5,200000,BACKPLANE,,,,0,0,0,168,0,0,0,,,
1,27,XPHY,0,AGERA3_LINE,6,200000,BACKPLANE,,,,0,0,0,168,0,0,0,,,
1,27,XPHY,0,AGERA3_LINE,7,200000,BACKPLANE,,,,0,0,0,168,0,0,0,,,
1,28,XPHY,0,AGERA3_LINE,0,200000,BACKPLANE,,,,0,0,0,168,0,0,0,,,
1,28,XPHY,0,AGERA3_LINE,1,200000,BACKPLANE,,,,0,0,0,168,0,0,0,,,
1,28,XPHY,0,AGERA3_LINE,2,200000,BACKPLANE,,,,0,0,0,168,0,0,0,,,
1,28,XPHY,0,AGERA3_LINE,3,200000,BACKPLANE,,,,0,0,0,168,0,0,0,,,
1,28,XPHY,0,AGERA3_LINE,4,200000,BACKPLANE,,,,0,0,0,168,0,0,0,,,
1,28,XPHY,0,AGERA3_LINE,5,200000,BACKPLANE,,,,0,0,0,168,0,0,0,,,
1,28,XPHY,0,AGERA3_LINE,6,200000,BACKPLANE,,,,0,0,0,168,0,0,0,,,
1,28,XPHY,0,AGERA3_LINE,7,200000,BACKPLANE,,,,0,0,0,168,0,0,0,,,
1,29,XPHY,0,AGERA3_LINE,0,200000,BACKPLANE,,,,0,0,0,168,0,0,0,,,
1,29,XPHY,0,AGERA3_LINE,1,200000,BACKPLANE,,,,0,0,0,168,0,0,0,,,
1,29,XPHY,0,AGERA3_LINE,2,200000,BACKPLANE,,,,0,0,0,168,0,0,0,,,
1,29,XPHY,0,AGERA3_LINE,3,200000,BACKPLANE,,,,0,0,0,168,0,0,0,,,
1,29,XPHY,0,AGERA3_LINE,4,200000,BACKPLANE,,,,0,0,0,168,0,0,0,,,
1,29,XPHY,0,AGERA3_LINE,5,200000,BACKPLANE,,,,0,0,0,168,0,0,0,,,
1,29,XPHY,0,AGERA3_LINE,6,200000,BACKPLANE,,,,0,0,0,168,0,0,0,,,
1,29,XPHY,0,AGERA3_LINE,7,200000,BACKPLANE,,,,0,0,0,168,0,0,0,,,
1,30,XPHY,0,AGERA3_LINE,0,200000,BACKPLANE,,,,0,0,0,168,0,0,0,,,
1,30,XPHY,0,AGERA3_LINE,1,200000,BACKPLANE,,,,0,0,0,168,0,0,0,,,
1,30,XPHY,0,AGERA3_LINE,2,200000,BACKPLANE,,,,0,0,0,168,0,0,0,,,
1,30,XPHY,0,AGERA3_LINE,3,200000,BACKPLANE,,,,0,0,0,168,0,0,0,,,
1,30,XPHY,0,AGERA3_LINE,4,200000,BACKPLANE,,,,0,0,0,168,0,0,0,,,
1,30,XPHY,0,AGERA3_LINE,5,200000,BACKPLANE,,,,0,0,0,168,0,0,0,,,
1,30,XPHY,0,AGERA3_LINE,6,200000,BACKPLANE,,,,0,0,0,168,0,0,0,,,
1,30,XPHY,0,AGERA3_LINE,7,200000,BACKPLANE,,,,0,0,0,168,0,0,0,,,
1,31,XPHY,0,AGERA3_LINE,0,200000,BACKPLANE,,,,0,0,0,168,0,0,0,,,
1,31,XPHY,0,AGERA3_LINE,1,200000,BACKPLANE,,,,0,0,0,168,0,0,0,,,
1,31,XPHY,0,AGERA3_LINE,2,200000,BACKPLANE,,,,0,0,0,168,0,0,0,,,
1,31,XPHY,0,AGERA3_LINE,3,200000,BACKPLANE,,,,0,0,0,168,0,0,0,,,
1,31,XPHY,0,AGERA3_LINE,4,200000,BACKPLANE,,,,0,0,0,168,0,0,0,,,
1,31,XPHY,0,AGERA3_LINE,5,200000,BACKPLANE,,,,0,0,0,168,0,0,0,,,
1,31,XPHY,0,AGERA3_LINE,6,200000,BACKPLANE,,,,0,0,0,168,0,0,0,,,
1,31,XPHY,0,AGERA3_LINE,7,200000,BACKPLANE,,,,0,0,0,168,0,0,0,,,
1,32,XPHY,0,AGERA3_LINE,0,200000,BACKPLANE,,,,0,0,0,168,0,0,0,,,
1,32,XPHY,0,AGERA3_LINE,1,200000,BACKPLANE,,,,0,0,0,168,0,0,0,,,
1,32,XPHY,0,AGERA3_LINE,2,200000,BACKPLANE,,,,0,0,0,168,0,0,0,,,
1,32,XPHY,0,AGERA3_LINE,3,200000,BACKPLANE,,,,0,0,0,168,0,0,0,,,
1,32,XPHY,0,AGERA3_LINE,4,200000,BACKPLANE,,,,0,0,0,168,0,0,0,,,
1,32,XPHY,0,AGERA3_LINE,5,200000,BACKPLANE,,,,0,0,0,168,0,0,0,,,
1,32,XPHY,0,AGERA3_LINE,6,200000,BACKPLANE,,,,0,0,0,168,0,0,0,,,
1,32,XPHY,0,AGERA3_LINE,7,200000,BACKPLANE,,,,0,0,0,168,0,0,0,,,
